ImageName,FaceIndex,ID,IDGender,IDnames,Other_SameRace,White_Black_Mix,Caucasian_Africa_Biracial,names
000030.jpg,1,8216,2,ID_8216_Roger Taylor,1,1,1,Roger Taylor
005640.jpg,62,8216,2,ID_8216_Roger Taylor,1,1,1,Roger Taylor
005852.jpg,63,8216,2,ID_8216_Roger Taylor,1,1,1,Roger Taylor
006848.jpg,72,8216,2,ID_8216_Roger Taylor,1,1,1,Roger Taylor
024042.jpg,163,8216,2,ID_8216_Roger Taylor,1,1,1,Roger Taylor
026931.jpg,181,8216,2,ID_8216_Roger Taylor,1,1,1,Roger Taylor
028030.jpg,190,8216,2,ID_8216_Roger Taylor,1,1,1,Roger Taylor
044719.jpg,279,8216,2,ID_8216_Roger Taylor,1,1,1,Roger Taylor
048596.jpg,292,8216,2,ID_8216_Roger Taylor,1,1,1,Roger Taylor
122563.jpg,389,8216,2,ID_8216_Roger Taylor,1,1,1,Roger Taylor
000083.jpg,2,2192,1,ID_2192_Dana Delany,1,1,1,Dana Delany
008747.jpg,86,2192,1,ID_2192_Dana Delany,1,1,1,Dana Delany
008788.jpg,88,2192,1,ID_2192_Dana Delany,1,1,1,Dana Delany
009434.jpg,93,2192,1,ID_2192_Dana Delany,1,1,1,Dana Delany
019753.jpg,138,2192,1,ID_2192_Dana Delany,1,1,1,Dana Delany
024893.jpg,170,2192,1,ID_2192_Dana Delany,1,1,1,Dana Delany
033083.jpg,222,2192,1,ID_2192_Dana Delany,1,1,1,Dana Delany
034104.jpg,226,2192,1,ID_2192_Dana Delany,1,1,1,Dana Delany
041229.jpg,263,2192,1,ID_2192_Dana Delany,1,1,1,Dana Delany
053614.jpg,310,2192,1,ID_2192_Dana Delany,1,1,1,Dana Delany
000109.jpg,3,3325,2,ID_3325_Gabriel Soto,1,1,1,Gabriel Soto
007667.jpg,77,3325,2,ID_3325_Gabriel Soto,1,1,1,Gabriel Soto
012400.jpg,102,3325,2,ID_3325_Gabriel Soto,1,1,1,Gabriel Soto
014480.jpg,115,3325,2,ID_3325_Gabriel Soto,1,1,1,Gabriel Soto
021688.jpg,148,3325,2,ID_3325_Gabriel Soto,1,1,1,Gabriel Soto
021705.jpg,149,3325,2,ID_3325_Gabriel Soto,1,1,1,Gabriel Soto
027692.jpg,189,3325,2,ID_3325_Gabriel Soto,1,1,1,Gabriel Soto
028748.jpg,194,3325,2,ID_3325_Gabriel Soto,1,1,1,Gabriel Soto
037929.jpg,239,3325,2,ID_3325_Gabriel Soto,1,1,1,Gabriel Soto
043754.jpg,276,3325,2,ID_3325_Gabriel Soto,1,1,1,Gabriel Soto
000129.jpg,4,59,2,ID_59_Adam Levine,1,1,1,Adam Levine
003668.jpg,53,59,2,ID_59_Adam Levine,1,1,1,Adam Levine
012332.jpg,101,59,2,ID_59_Adam Levine,1,1,1,Adam Levine
020035.jpg,140,59,2,ID_59_Adam Levine,1,1,1,Adam Levine
020167.jpg,141,59,2,ID_59_Adam Levine,1,1,1,Adam Levine
024490.jpg,168,59,2,ID_59_Adam Levine,1,1,1,Adam Levine
028224.jpg,191,59,2,ID_59_Adam Levine,1,1,1,Adam Levine
030660.jpg,210,59,2,ID_59_Adam Levine,1,1,1,Adam Levine
030801.jpg,211,59,2,ID_59_Adam Levine,1,1,1,Adam Levine
037220.jpg,237,59,2,ID_59_Adam Levine,1,1,1,Adam Levine
000214.jpg,5,6376,2,ID_6376_Mario Lopez,1,1,1,Mario Lopez
003503.jpg,51,6376,2,ID_6376_Mario Lopez,1,1,1,Mario Lopez
019151.jpg,135,6376,2,ID_6376_Mario Lopez,1,1,1,Mario Lopez
019624.jpg,137,6376,2,ID_6376_Mario Lopez,1,1,1,Mario Lopez
029186.jpg,197,6376,2,ID_6376_Mario Lopez,1,1,1,Mario Lopez
032146.jpg,215,6376,2,ID_6376_Mario Lopez,1,1,1,Mario Lopez
033770.jpg,224,6376,2,ID_6376_Mario Lopez,1,1,1,Mario Lopez
036238.jpg,234,6376,2,ID_6376_Mario Lopez,1,1,1,Mario Lopez
040072.jpg,254,6376,2,ID_6376_Mario Lopez,1,1,1,Mario Lopez
042818.jpg,269,6376,2,ID_6376_Mario Lopez,1,1,1,Mario Lopez
000221.jpg,6,4810,2,ID_4810_John Slattery,1,1,1,John Slattery
008379.jpg,82,4810,2,ID_4810_John Slattery,1,1,1,John Slattery
008944.jpg,90,4810,2,ID_4810_John Slattery,1,1,1,John Slattery
011541.jpg,97,4810,2,ID_4810_John Slattery,1,1,1,John Slattery
015724.jpg,118,4810,2,ID_4810_John Slattery,1,1,1,John Slattery
019497.jpg,136,4810,2,ID_4810_John Slattery,1,1,1,John Slattery
027013.jpg,182,4810,2,ID_4810_John Slattery,1,1,1,John Slattery
030464.jpg,206,4810,2,ID_4810_John Slattery,1,1,1,John Slattery
033006.jpg,221,4810,2,ID_4810_John Slattery,1,1,1,John Slattery
034757.jpg,229,4810,2,ID_4810_John Slattery,1,1,1,John Slattery
000237.jpg,7,7524,2,ID_7524_Pat Boone,1,1,1,Pat Boone
000639.jpg,15,7524,2,ID_7524_Pat Boone,1,1,1,Pat Boone
023207.jpg,157,7524,2,ID_7524_Pat Boone,1,1,1,Pat Boone
024413.jpg,166,7524,2,ID_7524_Pat Boone,1,1,1,Pat Boone
030591.jpg,209,7524,2,ID_7524_Pat Boone,1,1,1,Pat Boone
040805.jpg,259,7524,2,ID_7524_Pat Boone,1,1,1,Pat Boone
053746.jpg,312,7524,2,ID_7524_Pat Boone,1,1,1,Pat Boone
059441.jpg,329,7524,2,ID_7524_Pat Boone,1,1,1,Pat Boone
062940.jpg,343,7524,2,ID_7524_Pat Boone,1,1,1,Pat Boone
069035.jpg,357,7524,2,ID_7524_Pat Boone,1,1,1,Pat Boone
000279.jpg,8,5978,1,ID_5978_Lonneke Engel,1,1,1,Lonneke Engel
005532.jpg,60,5978,1,ID_5978_Lonneke Engel,1,1,1,Lonneke Engel
005596.jpg,61,5978,1,ID_5978_Lonneke Engel,1,1,1,Lonneke Engel
013914.jpg,111,5978,1,ID_5978_Lonneke Engel,1,1,1,Lonneke Engel
031167.jpg,212,5978,1,ID_5978_Lonneke Engel,1,1,1,Lonneke Engel
032056.jpg,214,5978,1,ID_5978_Lonneke Engel,1,1,1,Lonneke Engel
055028.jpg,317,5978,1,ID_5978_Lonneke Engel,1,1,1,Lonneke Engel
064663.jpg,348,5978,1,ID_5978_Lonneke Engel,1,1,1,Lonneke Engel
070383.jpg,359,5978,1,ID_5978_Lonneke Engel,1,1,1,Lonneke Engel
077920.jpg,368,5978,1,ID_5978_Lonneke Engel,1,1,1,Lonneke Engel
000307.jpg,9,2049,2,ID_2049_Conan O_Brien,1,1,1,Conan O Brien
006483.jpg,67,2049,2,ID_2049_Conan O_Brien,1,1,1,Conan O Brien
024068.jpg,164,2049,2,ID_2049_Conan O_Brien,1,1,1,Conan O Brien
032398.jpg,216,2049,2,ID_2049_Conan O_Brien,1,1,1,Conan O Brien
043162.jpg,273,2049,2,ID_2049_Conan O_Brien,1,1,1,Conan O Brien
046590.jpg,286,2049,2,ID_2049_Conan O_Brien,1,1,1,Conan O Brien
048650.jpg,293,2049,2,ID_2049_Conan O_Brien,1,1,1,Conan O Brien
086886.jpg,378,2049,2,ID_2049_Conan O_Brien,1,1,1,Conan O Brien
088540.jpg,383,2049,2,ID_2049_Conan O_Brien,1,1,1,Conan O Brien
090142.jpg,384,2049,2,ID_2049_Conan O_Brien,1,1,1,Conan O Brien
000353.jpg,10,7183,1,ID_7183_Nathalia Dill,1,1,1,Nathalia Dill
001665.jpg,29,7183,1,ID_7183_Nathalia Dill,1,1,1,Nathalia Dill
003188.jpg,49,7183,1,ID_7183_Nathalia Dill,1,1,1,Nathalia Dill
007923.jpg,79,7183,1,ID_7183_Nathalia Dill,1,1,1,Nathalia Dill
013823.jpg,109,7183,1,ID_7183_Nathalia Dill,1,1,1,Nathalia Dill
027166.jpg,185,7183,1,ID_7183_Nathalia Dill,1,1,1,Nathalia Dill
029727.jpg,201,7183,1,ID_7183_Nathalia Dill,1,1,1,Nathalia Dill
032470.jpg,217,7183,1,ID_7183_Nathalia Dill,1,1,1,Nathalia Dill
034898.jpg,230,7183,1,ID_7183_Nathalia Dill,1,1,1,Nathalia Dill
127313.jpg,390,7183,1,ID_7183_Nathalia Dill,1,1,1,Nathalia Dill
000403.jpg,11,1533,2,ID_1533_Carey Hart,1,1,1,Carey Hart
002582.jpg,41,1533,2,ID_1533_Carey Hart,1,1,1,Carey Hart
018866.jpg,134,1533,2,ID_1533_Carey Hart,1,1,1,Carey Hart
027034.jpg,183,1533,2,ID_1533_Carey Hart,1,1,1,Carey Hart
030511.jpg,208,1533,2,ID_1533_Carey Hart,1,1,1,Carey Hart
038720.jpg,247,1533,2,ID_1533_Carey Hart,1,1,1,Carey Hart
042878.jpg,272,1533,2,ID_1533_Carey Hart,1,1,1,Carey Hart
046186.jpg,284,1533,2,ID_1533_Carey Hart,1,1,1,Carey Hart
048328.jpg,291,1533,2,ID_1533_Carey Hart,1,1,1,Carey Hart
048987.jpg,297,1533,2,ID_1533_Carey Hart,1,1,1,Carey Hart
000537.jpg,12,2129,2,ID_2129_Curtis Jackson,2,2,2,Curtis Jackson
006756.jpg,71,2129,2,ID_2129_Curtis Jackson,2,2,2,Curtis Jackson
012704.jpg,104,2129,2,ID_2129_Curtis Jackson,2,2,2,Curtis Jackson
016138.jpg,121,2129,2,ID_2129_Curtis Jackson,2,2,2,Curtis Jackson
024529.jpg,169,2129,2,ID_2129_Curtis Jackson,2,2,2,Curtis Jackson
025878.jpg,175,2129,2,ID_2129_Curtis Jackson,2,2,2,Curtis Jackson
038262.jpg,242,2129,2,ID_2129_Curtis Jackson,2,2,2,Curtis Jackson
040211.jpg,255,2129,2,ID_2129_Curtis Jackson,2,2,2,Curtis Jackson
047239.jpg,287,2129,2,ID_2129_Curtis Jackson,2,2,2,Curtis Jackson
053752.jpg,313,2129,2,ID_2129_Curtis Jackson,2,2,2,Curtis Jackson
000593.jpg,13,2747,2,ID_2747_Dwayne Wade,2,2,2,Dwayne Wade
006182.jpg,65,2747,2,ID_2747_Dwayne Wade,2,2,2,Dwayne Wade
016561.jpg,123,2747,2,ID_2747_Dwayne Wade,2,2,2,Dwayne Wade
032798.jpg,219,2747,2,ID_2747_Dwayne Wade,2,2,2,Dwayne Wade
052929.jpg,309,2747,2,ID_2747_Dwayne Wade,2,2,2,Dwayne Wade
061456.jpg,332,2747,2,ID_2747_Dwayne Wade,2,2,2,Dwayne Wade
062101.jpg,335,2747,2,ID_2747_Dwayne Wade,2,2,2,Dwayne Wade
075150.jpg,366,2747,2,ID_2747_Dwayne Wade,2,2,2,Dwayne Wade
087308.jpg,380,2747,2,ID_2747_Dwayne Wade,2,2,2,Dwayne Wade
100907.jpg,387,2747,2,ID_2747_Dwayne Wade,2,2,2,Dwayne Wade
000604.jpg,14,4785,2,ID_4785_John Krasinki,1,1,1,John Krasinki
003548.jpg,52,4785,2,ID_4785_John Krasinki,1,1,1,John Krasinki
006519.jpg,68,4785,2,ID_4785_John Krasinki,1,1,1,John Krasinki
006582.jpg,69,4785,2,ID_4785_John Krasinki,1,1,1,John Krasinki
050200.jpg,302,4785,2,ID_4785_John Krasinki,1,1,1,John Krasinki
051051.jpg,304,4785,2,ID_4785_John Krasinki,1,1,1,John Krasinki
056043.jpg,322,4785,2,ID_4785_John Krasinki,1,1,1,John Krasinki
062669.jpg,338,4785,2,ID_4785_John Krasinki,1,1,1,John Krasinki
068639.jpg,356,4785,2,ID_4785_John Krasinki,1,1,1,John Krasinki
069405.jpg,358,4785,2,ID_4785_John Krasinki,1,1,1,John Krasinki
000685.jpg,16,8208,2,ID_8208_Rodrigo Diaz,1,1,1,Rodrigo Diaz
005484.jpg,59,8208,2,ID_8208_Rodrigo Diaz,1,1,1,Rodrigo Diaz
008773.jpg,87,8208,2,ID_8208_Rodrigo Diaz,1,1,1,Rodrigo Diaz
021906.jpg,150,8208,2,ID_8208_Rodrigo Diaz,1,1,1,Rodrigo Diaz
044778.jpg,280,8208,2,ID_8208_Rodrigo Diaz,1,1,1,Rodrigo Diaz
047671.jpg,289,8208,2,ID_8208_Rodrigo Diaz,1,1,1,Rodrigo Diaz
049531.jpg,299,8208,2,ID_8208_Rodrigo Diaz,1,1,1,Rodrigo Diaz
049577.jpg,300,8208,2,ID_8208_Rodrigo Diaz,1,1,1,Rodrigo Diaz
061286.jpg,331,8208,2,ID_8208_Rodrigo Diaz,1,1,1,Rodrigo Diaz
062719.jpg,339,8208,2,ID_8208_Rodrigo Diaz,1,1,1,Rodrigo Diaz
000709.jpg,17,7870,1,ID_7870_Rachel McAdams,1,1,1,Rachel McAdams
003126.jpg,48,7870,1,ID_7870_Rachel McAdams,1,1,1,Rachel McAdams
004817.jpg,57,7870,1,ID_7870_Rachel McAdams,1,1,1,Rachel McAdams
007060.jpg,75,7870,1,ID_7870_Rachel McAdams,1,1,1,Rachel McAdams
017258.jpg,126,7870,1,ID_7870_Rachel McAdams,1,1,1,Rachel McAdams
017792.jpg,129,7870,1,ID_7870_Rachel McAdams,1,1,1,Rachel McAdams
018311.jpg,131,7870,1,ID_7870_Rachel McAdams,1,1,1,Rachel McAdams
023644.jpg,160,7870,1,ID_7870_Rachel McAdams,1,1,1,Rachel McAdams
027160.jpg,184,7870,1,ID_7870_Rachel McAdams,1,1,1,Rachel McAdams
027179.jpg,186,7870,1,ID_7870_Rachel McAdams,1,1,1,Rachel McAdams
000831.jpg,18,904,1,ID_904_Andrea Navedo,2,1,1,Andrea Navedo
002064.jpg,35,904,1,ID_904_Andrea Navedo,2,1,1,Andrea Navedo
007046.jpg,74,904,1,ID_904_Andrea Navedo,2,1,1,Andrea Navedo
010011.jpg,95,904,1,ID_904_Andrea Navedo,2,1,1,Andrea Navedo
024102.jpg,165,904,1,ID_904_Andrea Navedo,2,1,1,Andrea Navedo
030012.jpg,202,904,1,ID_904_Andrea Navedo,2,1,1,Andrea Navedo
030219.jpg,205,904,1,ID_904_Andrea Navedo,2,1,1,Andrea Navedo
036944.jpg,236,904,1,ID_904_Andrea Navedo,2,1,1,Andrea Navedo
039405.jpg,251,904,1,ID_904_Andrea Navedo,2,1,1,Andrea Navedo
041253.jpg,264,904,1,ID_904_Andrea Navedo,2,1,1,Andrea Navedo
000881.jpg,19,8058,2,ID_8058_Richard Marx,1,1,1,Richard Marx
002317.jpg,38,8058,2,ID_8058_Richard Marx,1,1,1,Richard Marx
023147.jpg,156,8058,2,ID_8058_Richard Marx,1,1,1,Richard Marx
025434.jpg,174,8058,2,ID_8058_Richard Marx,1,1,1,Richard Marx
038873.jpg,249,8058,2,ID_8058_Richard Marx,1,1,1,Richard Marx
048873.jpg,295,8058,2,ID_8058_Richard Marx,1,1,1,Richard Marx
055396.jpg,320,8058,2,ID_8058_Richard Marx,1,1,1,Richard Marx
058841.jpg,328,8058,2,ID_8058_Richard Marx,1,1,1,Richard Marx
061975.jpg,334,8058,2,ID_8058_Richard Marx,1,1,1,Richard Marx
063593.jpg,345,8058,2,ID_8058_Richard Marx,1,1,1,Richard Marx
001024.jpg,20,961,1,ID_961_Bahar Soomekh,1,1,1,Bahar Soomekh
001422.jpg,25,961,1,ID_961_Bahar Soomekh,1,1,1,Bahar Soomekh
001595.jpg,27,961,1,ID_961_Bahar Soomekh,1,1,1,Bahar Soomekh
007383.jpg,76,961,1,ID_961_Bahar Soomekh,1,1,1,Bahar Soomekh
012569.jpg,103,961,1,ID_961_Bahar Soomekh,1,1,1,Bahar Soomekh
013791.jpg,108,961,1,ID_961_Bahar Soomekh,1,1,1,Bahar Soomekh
016757.jpg,125,961,1,ID_961_Bahar Soomekh,1,1,1,Bahar Soomekh
017431.jpg,127,961,1,ID_961_Bahar Soomekh,1,1,1,Bahar Soomekh
026078.jpg,177,961,1,ID_961_Bahar Soomekh,1,1,1,Bahar Soomekh
030491.jpg,207,961,1,ID_961_Bahar Soomekh,1,1,1,Bahar Soomekh
001237.jpg,21,4841,2,ID_4841_Jon Huntsman,1,1,1,Jon Huntsman
001907.jpg,33,4841,2,ID_4841_Jon Huntsman,1,1,1,Jon Huntsman
008544.jpg,84,4841,2,ID_4841_Jon Huntsman,1,1,1,Jon Huntsman
013885.jpg,110,4841,2,ID_4841_Jon Huntsman,1,1,1,Jon Huntsman
019920.jpg,139,4841,2,ID_4841_Jon Huntsman,1,1,1,Jon Huntsman
035709.jpg,231,4841,2,ID_4841_Jon Huntsman,1,1,1,Jon Huntsman
041902.jpg,266,4841,2,ID_4841_Jon Huntsman,1,1,1,Jon Huntsman
067881.jpg,352,4841,2,ID_4841_Jon Huntsman,1,1,1,Jon Huntsman
081727.jpg,374,4841,2,ID_4841_Jon Huntsman,1,1,1,Jon Huntsman
084826.jpg,376,4841,2,ID_4841_Jon Huntsman,1,1,1,Jon Huntsman
001299.jpg,22,9923,2,ID_9923_Wentworth Miller,2,3,3,Wentworth Miller
002628.jpg,42,9923,2,ID_9923_Wentworth Miller,2,3,3,Wentworth Miller
011643.jpg,98,9923,2,ID_9923_Wentworth Miller,2,3,3,Wentworth Miller
015367.jpg,117,9923,2,ID_9923_Wentworth Miller,2,3,3,Wentworth Miller
026428.jpg,178,9923,2,ID_9923_Wentworth Miller,2,3,3,Wentworth Miller
027237.jpg,187,9923,2,ID_9923_Wentworth Miller,2,3,3,Wentworth Miller
031431.jpg,213,9923,2,ID_9923_Wentworth Miller,2,3,3,Wentworth Miller
040967.jpg,260,9923,2,ID_9923_Wentworth Miller,2,3,3,Wentworth Miller
040976.jpg,261,9923,2,ID_9923_Wentworth Miller,2,3,3,Wentworth Miller
042142.jpg,268,9923,2,ID_9923_Wentworth Miller,2,3,3,Wentworth Miller
001327.jpg,23,8737,2,ID_8737_Shawn Ashmore,1,1,1,Shawn Ashmore
005929.jpg,64,8737,2,ID_8737_Shawn Ashmore,1,1,1,Shawn Ashmore
013251.jpg,107,8737,2,ID_8737_Shawn Ashmore,1,1,1,Shawn Ashmore
023101.jpg,155,8737,2,ID_8737_Shawn Ashmore,1,1,1,Shawn Ashmore
025051.jpg,171,8737,2,ID_8737_Shawn Ashmore,1,1,1,Shawn Ashmore
026790.jpg,180,8737,2,ID_8737_Shawn Ashmore,1,1,1,Shawn Ashmore
040734.jpg,258,8737,2,ID_8737_Shawn Ashmore,1,1,1,Shawn Ashmore
055294.jpg,319,8737,2,ID_8737_Shawn Ashmore,1,1,1,Shawn Ashmore
072379.jpg,362,8737,2,ID_8737_Shawn Ashmore,1,1,1,Shawn Ashmore
086968.jpg,379,8737,2,ID_8737_Shawn Ashmore,1,1,1,Shawn Ashmore
001337.jpg,24,8407,2,ID_8407_Sam Claflin,1,1,1,Sam Claflin
003478.jpg,50,8407,2,ID_8407_Sam Claflin,1,1,1,Sam Claflin
008455.jpg,83,8407,2,ID_8407_Sam Claflin,1,1,1,Sam Claflin
012895.jpg,105,8407,2,ID_8407_Sam Claflin,1,1,1,Sam Claflin
015820.jpg,119,8407,2,ID_8407_Sam Claflin,1,1,1,Sam Claflin
018189.jpg,130,8407,2,ID_8407_Sam Claflin,1,1,1,Sam Claflin
021342.jpg,146,8407,2,ID_8407_Sam Claflin,1,1,1,Sam Claflin
038095.jpg,241,8407,2,ID_8407_Sam Claflin,1,1,1,Sam Claflin
038545.jpg,246,8407,2,ID_8407_Sam Claflin,1,1,1,Sam Claflin
044879.jpg,281,8407,2,ID_8407_Sam Claflin,1,1,1,Sam Claflin
001467.jpg,26,3899,2,ID_3899_Hugh Jackman,1,1,1,Hugh Jackman
027379.jpg,188,3899,2,ID_3899_Hugh Jackman,1,1,1,Hugh Jackman
035735.jpg,232,3899,2,ID_3899_Hugh Jackman,1,1,1,Hugh Jackman
039394.jpg,250,3899,2,ID_3899_Hugh Jackman,1,1,1,Hugh Jackman
047341.jpg,288,3899,2,ID_3899_Hugh Jackman,1,1,1,Hugh Jackman
053645.jpg,311,3899,2,ID_3899_Hugh Jackman,1,1,1,Hugh Jackman
055705.jpg,321,3899,2,ID_3899_Hugh Jackman,1,1,1,Hugh Jackman
057614.jpg,327,3899,2,ID_3899_Hugh Jackman,1,1,1,Hugh Jackman
061854.jpg,333,3899,2,ID_3899_Hugh Jackman,1,1,1,Hugh Jackman
062770.jpg,340,3899,2,ID_3899_Hugh Jackman,1,1,1,Hugh Jackman
001607.jpg,28,3423,1,ID_3423_Betty White,1,1,1,Betty White
008138.jpg,80,3423,1,ID_3423_Betty White,1,1,1,Betty White
008725.jpg,85,3423,1,ID_3423_Betty White,1,1,1,Betty White
009236.jpg,92,3423,1,ID_3423_Betty White,1,1,1,Betty White
042031.jpg,267,3423,1,ID_3423_Betty White,1,1,1,Betty White
049380.jpg,298,3423,1,ID_3423_Betty White,1,1,1,Betty White
062103.jpg,336,3423,1,ID_3423_Betty White,1,1,1,Betty White
062798.jpg,341,3423,1,ID_3423_Betty White,1,1,1,Betty White
067921.jpg,354,3423,1,ID_3423_Betty White,1,1,1,Betty White
074976.jpg,365,3423,1,ID_3423_Betty White,1,1,1,Betty White
001666.jpg,30,1892,2,ID_1892_Christian Oliver,1,1,1,Christian Oliver
021280.jpg,145,1892,2,ID_1892_Christian Oliver,1,1,1,Christian Oliver
023742.jpg,161,1892,2,ID_1892_Christian Oliver,1,1,1,Christian Oliver
024475.jpg,167,1892,2,ID_1892_Christian Oliver,1,1,1,Christian Oliver
032721.jpg,218,1892,2,ID_1892_Christian Oliver,1,1,1,Christian Oliver
038318.jpg,244,1892,2,ID_1892_Christian Oliver,1,1,1,Christian Oliver
048033.jpg,290,1892,2,ID_1892_Christian Oliver,1,1,1,Christian Oliver
066185.jpg,350,1892,2,ID_1892_Christian Oliver,1,1,1,Christian Oliver
067914.jpg,353,1892,2,ID_1892_Christian Oliver,1,1,1,Christian Oliver
081679.jpg,373,1892,2,ID_1892_Christian Oliver,1,1,1,Christian Oliver
001693.jpg,31,2425,2,ID_2425_Dean Geyer,2,2,2,Dean Geyer
002859.jpg,45,2425,2,ID_2425_Dean Geyer,2,2,2,Dean Geyer
015244.jpg,116,2425,2,ID_2425_Dean Geyer,2,2,2,Dean Geyer
016389.jpg,122,2425,2,ID_2425_Dean Geyer,2,2,2,Dean Geyer
018811.jpg,133,2425,2,ID_2425_Dean Geyer,2,2,2,Dean Geyer
025202.jpg,172,2425,2,ID_2425_Dean Geyer,2,2,2,Dean Geyer
025208.jpg,173,2425,2,ID_2425_Dean Geyer,2,2,2,Dean Geyer
028463.jpg,193,2425,2,ID_2425_Dean Geyer,2,2,2,Dean Geyer
029036.jpg,196,2425,2,ID_2425_Dean Geyer,2,2,2,Dean Geyer
030030.jpg,203,2425,2,ID_2425_Dean Geyer,2,2,2,Dean Geyer
001703.jpg,32,3446,2,ID_3446_George Burns,1,1,1,George Burns
006355.jpg,66,3446,2,ID_3446_George Burns,1,1,1,George Burns
038390.jpg,245,3446,2,ID_3446_George Burns,1,1,1,George Burns
051005.jpg,303,3446,2,ID_3446_George Burns,1,1,1,George Burns
056415.jpg,324,3446,2,ID_3446_George Burns,1,1,1,George Burns
077609.jpg,367,3446,2,ID_3446_George Burns,1,1,1,George Burns
080778.jpg,371,3446,2,ID_3446_George Burns,1,1,1,George Burns
081391.jpg,372,3446,2,ID_3446_George Burns,1,1,1,George Burns
088208.jpg,381,3446,2,ID_3446_George Burns,1,1,1,George Burns
088232.jpg,382,3446,2,ID_3446_George Burns,1,1,1,George Burns
002055.jpg,34,3712,2,ID_3712_James Harden,2,2,2,James Harden
006706.jpg,70,3712,2,ID_3712_James Harden,2,2,2,James Harden
012179.jpg,100,3712,2,ID_3712_James Harden,2,2,2,James Harden
022027.jpg,151,3712,2,ID_3712_James Harden,2,2,2,James Harden
036603.jpg,235,3712,2,ID_3712_James Harden,2,2,2,James Harden
037537.jpg,238,3712,2,ID_3712_James Harden,2,2,2,James Harden
045076.jpg,282,3712,2,ID_3712_James Harden,2,2,2,James Harden
057473.jpg,326,3712,2,ID_3712_James Harden,2,2,2,James Harden
063710.jpg,347,3712,2,ID_3712_James Harden,2,2,2,James Harden
091612.jpg,385,3712,2,ID_3712_James Harden,2,2,2,James Harden
002143.jpg,36,2792,2,ID_2792_Eduardo Noriega,1,1,1,Eduardo Noriega
010017.jpg,96,2792,2,ID_2792_Eduardo Noriega,1,1,1,Eduardo Noriega
023029.jpg,154,2792,2,ID_2792_Eduardo Noriega,1,1,1,Eduardo Noriega
028392.jpg,192,2792,2,ID_2792_Eduardo Noriega,1,1,1,Eduardo Noriega
038853.jpg,248,2792,2,ID_2792_Eduardo Noriega,1,1,1,Eduardo Noriega
043692.jpg,275,2792,2,ID_2792_Eduardo Noriega,1,1,1,Eduardo Noriega
051490.jpg,306,2792,2,ID_2792_Eduardo Noriega,1,1,1,Eduardo Noriega
051786.jpg,307,2792,2,ID_2792_Eduardo Noriega,1,1,1,Eduardo Noriega
055158.jpg,318,2792,2,ID_2792_Eduardo Noriega,1,1,1,Eduardo Noriega
066356.jpg,351,2792,2,ID_2792_Eduardo Noriega,1,1,1,Eduardo Noriega
002168.jpg,37,9594,2,ID_9594_Treat Williams,1,1,1,Treat Williams
018431.jpg,132,9594,2,ID_9594_Treat Williams,1,1,1,Treat Williams
029636.jpg,200,9594,2,ID_9594_Treat Williams,1,1,1,Treat Williams
035833.jpg,233,9594,2,ID_9594_Treat Williams,1,1,1,Treat Williams
046150.jpg,283,9594,2,ID_9594_Treat Williams,1,1,1,Treat Williams
048663.jpg,294,9594,2,ID_9594_Treat Williams,1,1,1,Treat Williams
054961.jpg,316,9594,2,ID_9594_Treat Williams,1,1,1,Treat Williams
072769.jpg,364,9594,2,ID_9594_Treat Williams,1,1,1,Treat Williams
078849.jpg,369,9594,2,ID_9594_Treat Williams,1,1,1,Treat Williams
083159.jpg,375,9594,2,ID_9594_Treat Williams,1,1,1,Treat Williams
002395.jpg,39,4371,1,ID_4371_Marilyn Monroe,1,1,1,Marilyn Monroe
002710.jpg,43,4371,1,ID_4371_Marilyn Monroe,1,1,1,Marilyn Monroe
003833.jpg,54,4371,1,ID_4371_Marilyn Monroe,1,1,1,Marilyn Monroe
014444.jpg,114,4371,1,ID_4371_Marilyn Monroe,1,1,1,Marilyn Monroe
021041.jpg,144,4371,1,ID_4371_Marilyn Monroe,1,1,1,Marilyn Monroe
021592.jpg,147,4371,1,ID_4371_Marilyn Monroe,1,1,1,Marilyn Monroe
023620.jpg,159,4371,1,ID_4371_Marilyn Monroe,1,1,1,Marilyn Monroe
040290.jpg,256,4371,1,ID_4371_Marilyn Monroe,1,1,1,Marilyn Monroe
041149.jpg,262,4371,1,ID_4371_Marilyn Monroe,1,1,1,Marilyn Monroe
104112.jpg,388,4371,1,ID_4371_Marilyn Monroe,1,1,1,Marilyn Monroe
002475.jpg,40,1301,1,ID_1301_Bre Scullark,2,2,2,Bre Scullark
004508.jpg,56,1301,1,ID_1301_Bre Scullark,2,2,2,Bre Scullark
007825.jpg,78,1301,1,ID_1301_Bre Scullark,2,2,2,Bre Scullark
017554.jpg,128,1301,1,ID_1301_Bre Scullark,2,2,2,Bre Scullark
029394.jpg,199,1301,1,ID_1301_Bre Scullark,2,2,2,Bre Scullark
039593.jpg,252,1301,1,ID_1301_Bre Scullark,2,2,2,Bre Scullark
040037.jpg,253,1301,1,ID_1301_Bre Scullark,2,2,2,Bre Scullark
043932.jpg,277,1301,1,ID_1301_Bre Scullark,2,2,2,Bre Scullark
071751.jpg,361,1301,1,ID_1301_Bre Scullark,2,2,2,Bre Scullark
080099.jpg,370,1301,1,ID_1301_Bre Scullark,2,2,2,Bre Scullark
002819.jpg,44,1699,2,ID_1699_Zac Efron,1,1,1,Zac Efron
008177.jpg,81,1699,2,ID_1699_Zac Efron,1,1,1,Zac Efron
022245.jpg,153,1699,2,ID_1699_Zac Efron,1,1,1,Zac Efron
030211.jpg,204,1699,2,ID_1699_Zac Efron,1,1,1,Zac Efron
033086.jpg,223,1699,2,ID_1699_Zac Efron,1,1,1,Zac Efron
042869.jpg,270,1699,2,ID_1699_Zac Efron,1,1,1,Zac Efron
048917.jpg,296,1699,2,ID_1699_Zac Efron,1,1,1,Zac Efron
056383.jpg,323,1699,2,ID_1699_Zac Efron,1,1,1,Zac Efron
062378.jpg,337,1699,2,ID_1699_Zac Efron,1,1,1,Zac Efron
062842.jpg,342,1699,2,ID_1699_Zac Efron,1,1,1,Zac Efron
002942.jpg,46,4044,1,ID_4044_Isla Fisher,1,1,1,Isla Fisher
006938.jpg,73,4044,1,ID_4044_Isla Fisher,1,1,1,Isla Fisher
014360.jpg,113,4044,1,ID_4044_Isla Fisher,1,1,1,Isla Fisher
022040.jpg,152,4044,1,ID_4044_Isla Fisher,1,1,1,Isla Fisher
029284.jpg,198,4044,1,ID_4044_Isla Fisher,1,1,1,Isla Fisher
034315.jpg,227,4044,1,ID_4044_Isla Fisher,1,1,1,Isla Fisher
038034.jpg,240,4044,1,ID_4044_Isla Fisher,1,1,1,Isla Fisher
046245.jpg,285,4044,1,ID_4044_Isla Fisher,1,1,1,Isla Fisher
049715.jpg,301,4044,1,ID_4044_Isla Fisher,1,1,1,Isla Fisher
053927.jpg,314,4044,1,ID_4044_Isla Fisher,1,1,1,Isla Fisher
003052.jpg,47,7110,1,ID_7110_Naomi Harris,2,2,2,Naomi Harris
008802.jpg,89,7110,1,ID_7110_Naomi Harris,2,2,2,Naomi Harris
020607.jpg,142,7110,1,ID_7110_Naomi Harris,2,2,2,Naomi Harris
040586.jpg,257,7110,1,ID_7110_Naomi Harris,2,2,2,Naomi Harris
056798.jpg,325,7110,1,ID_7110_Naomi Harris,2,2,2,Naomi Harris
063621.jpg,346,7110,1,ID_7110_Naomi Harris,2,2,2,Naomi Harris
068031.jpg,355,7110,1,ID_7110_Naomi Harris,2,2,2,Naomi Harris
071249.jpg,360,7110,1,ID_7110_Naomi Harris,2,2,2,Naomi Harris
086009.jpg,377,7110,1,ID_7110_Naomi Harris,2,2,2,Naomi Harris
094712.jpg,386,7110,1,ID_7110_Naomi Harris,2,2,2,Naomi Harris
003873.jpg,55,8239,2,ID_8239_Ron Perlman,1,1,1,Ron Perlman
005235.jpg,58,8239,2,ID_8239_Ron Perlman,1,1,1,Ron Perlman
009218.jpg,91,8239,2,ID_8239_Ron Perlman,1,1,1,Ron Perlman
013150.jpg,106,8239,2,ID_8239_Ron Perlman,1,1,1,Ron Perlman
023490.jpg,158,8239,2,ID_8239_Ron Perlman,1,1,1,Ron Perlman
033916.jpg,225,8239,2,ID_8239_Ron Perlman,1,1,1,Ron Perlman
042877.jpg,271,8239,2,ID_8239_Ron Perlman,1,1,1,Ron Perlman
043554.jpg,274,8239,2,ID_8239_Ron Perlman,1,1,1,Ron Perlman
063432.jpg,344,8239,2,ID_8239_Ron Perlman,1,1,1,Ron Perlman
064896.jpg,349,8239,2,ID_8239_Ron Perlman,1,1,1,Ron Perlman
009858.jpg,94,2574,2,ID_2574_Diego Boneta,1,1,1,Diego Boneta
015836.jpg,120,2574,2,ID_2574_Diego Boneta,1,1,1,Diego Boneta
020869.jpg,143,2574,2,ID_2574_Diego Boneta,1,1,1,Diego Boneta
024026.jpg,162,2574,2,ID_2574_Diego Boneta,1,1,1,Diego Boneta
025919.jpg,176,2574,2,ID_2574_Diego Boneta,1,1,1,Diego Boneta
032860.jpg,220,2574,2,ID_2574_Diego Boneta,1,1,1,Diego Boneta
034745.jpg,228,2574,2,ID_2574_Diego Boneta,1,1,1,Diego Boneta
043971.jpg,278,2574,2,ID_2574_Diego Boneta,1,1,1,Diego Boneta
051232.jpg,305,2574,2,ID_2574_Diego Boneta,1,1,1,Diego Boneta
054310.jpg,315,2574,2,ID_2574_Diego Boneta,1,1,1,Diego Boneta
011876.jpg,99,9442,2,ID_9442_Tim Gunn,1,1,1,Tim Gunn
013931.jpg,112,9442,2,ID_9442_Tim Gunn,1,1,1,Tim Gunn
016574.jpg,124,9442,2,ID_9442_Tim Gunn,1,1,1,Tim Gunn
026705.jpg,179,9442,2,ID_9442_Tim Gunn,1,1,1,Tim Gunn
028924.jpg,195,9442,2,ID_9442_Tim Gunn,1,1,1,Tim Gunn
038275.jpg,243,9442,2,ID_9442_Tim Gunn,1,1,1,Tim Gunn
041370.jpg,265,9442,2,ID_9442_Tim Gunn,1,1,1,Tim Gunn
052657.jpg,308,9442,2,ID_9442_Tim Gunn,1,1,1,Tim Gunn
060926.jpg,330,9442,2,ID_9442_Tim Gunn,1,1,1,Tim Gunn
072536.jpg,363,9442,2,ID_9442_Tim Gunn,1,1,1,Tim Gunn
182683.jpg,391,6959,1,ID_6959_Missi Pyle,1,1,1,Missi Pyle
186289.jpg,437,6959,1,ID_6959_Missi Pyle,1,1,1,Missi Pyle
188021.jpg,456,6959,1,ID_6959_Missi Pyle,1,1,1,Missi Pyle
188444.jpg,460,6959,1,ID_6959_Missi Pyle,1,1,1,Missi Pyle
189408.jpg,467,6959,1,ID_6959_Missi Pyle,1,1,1,Missi Pyle
189466.jpg,468,6959,1,ID_6959_Missi Pyle,1,1,1,Missi Pyle
190110.jpg,474,6959,1,ID_6959_Missi Pyle,1,1,1,Missi Pyle
191235.jpg,485,6959,1,ID_6959_Missi Pyle,1,1,1,Missi Pyle
191479.jpg,487,6959,1,ID_6959_Missi Pyle,1,1,1,Missi Pyle
192240.jpg,490,6959,1,ID_6959_Missi Pyle,1,1,1,Missi Pyle
182832.jpg,392,7429,1,ID_7429_Olivia Palermo,1,1,1,Olivia Palermo
183705.jpg,400,7429,1,ID_7429_Olivia Palermo,1,1,1,Olivia Palermo
184472.jpg,417,7429,1,ID_7429_Olivia Palermo,1,1,1,Olivia Palermo
184942.jpg,422,7429,1,ID_7429_Olivia Palermo,1,1,1,Olivia Palermo
185159.jpg,427,7429,1,ID_7429_Olivia Palermo,1,1,1,Olivia Palermo
185257.jpg,429,7429,1,ID_7429_Olivia Palermo,1,1,1,Olivia Palermo
185743.jpg,432,7429,1,ID_7429_Olivia Palermo,1,1,1,Olivia Palermo
187411.jpg,450,7429,1,ID_7429_Olivia Palermo,1,1,1,Olivia Palermo
187636.jpg,452,7429,1,ID_7429_Olivia Palermo,1,1,1,Olivia Palermo
188752.jpg,462,7429,1,ID_7429_Olivia Palermo,1,1,1,Olivia Palermo
182941.jpg,393,5385,2,ID_5385_Kevin Hart,2,2,2,Kevin Hart
184273.jpg,411,5385,2,ID_5385_Kevin Hart,2,2,2,Kevin Hart
184994.jpg,425,5385,2,ID_5385_Kevin Hart,2,2,2,Kevin Hart
186622.jpg,441,5385,2,ID_5385_Kevin Hart,2,2,2,Kevin Hart
186912.jpg,444,5385,2,ID_5385_Kevin Hart,2,2,2,Kevin Hart
187046.jpg,446,5385,2,ID_5385_Kevin Hart,2,2,2,Kevin Hart
190332.jpg,476,5385,2,ID_5385_Kevin Hart,2,2,2,Kevin Hart
190786.jpg,483,5385,2,ID_5385_Kevin Hart,2,2,2,Kevin Hart
191833.jpg,488,5385,2,ID_5385_Kevin Hart,2,2,2,Kevin Hart
194599.jpg,496,5385,2,ID_5385_Kevin Hart,2,2,2,Kevin Hart
183024.jpg,394,7160,1,ID_7160_Natalie Zea,1,1,1,Natalie Zea
183922.jpg,404,7160,1,ID_7160_Natalie Zea,1,1,1,Natalie Zea
184530.jpg,418,7160,1,ID_7160_Natalie Zea,1,1,1,Natalie Zea
185481.jpg,431,7160,1,ID_7160_Natalie Zea,1,1,1,Natalie Zea
186039.jpg,434,7160,1,ID_7160_Natalie Zea,1,1,1,Natalie Zea
186093.jpg,435,7160,1,ID_7160_Natalie Zea,1,1,1,Natalie Zea
186264.jpg,436,7160,1,ID_7160_Natalie Zea,1,1,1,Natalie Zea
188292.jpg,459,7160,1,ID_7160_Natalie Zea,1,1,1,Natalie Zea
189999.jpg,472,7160,1,ID_7160_Natalie Zea,1,1,1,Natalie Zea
191324.jpg,486,7160,1,ID_7160_Natalie Zea,1,1,1,Natalie Zea
183144.jpg,395,9086,2,ID_9086_Steven Soderbergh,1,1,1,Steven Soderbergh
183466.jpg,396,9086,2,ID_9086_Steven Soderbergh,1,1,1,Steven Soderbergh
183468.jpg,397,9086,2,ID_9086_Steven Soderbergh,1,1,1,Steven Soderbergh
183845.jpg,403,9086,2,ID_9086_Steven Soderbergh,1,1,1,Steven Soderbergh
184930.jpg,421,9086,2,ID_9086_Steven Soderbergh,1,1,1,Steven Soderbergh
187044.jpg,445,9086,2,ID_9086_Steven Soderbergh,1,1,1,Steven Soderbergh
188097.jpg,457,9086,2,ID_9086_Steven Soderbergh,1,1,1,Steven Soderbergh
189006.jpg,463,9086,2,ID_9086_Steven Soderbergh,1,1,1,Steven Soderbergh
189103.jpg,465,9086,2,ID_9086_Steven Soderbergh,1,1,1,Steven Soderbergh
190704.jpg,480,9086,2,ID_9086_Steven Soderbergh,1,1,1,Steven Soderbergh
183586.jpg,398,5966,2,ID_5966_Logan Marshall-Green,1,1,1,Logan Marshall-Green
184711.jpg,419,5966,2,ID_5966_Logan Marshall-Green,1,1,1,Logan Marshall-Green
185070.jpg,426,5966,2,ID_5966_Logan Marshall-Green,1,1,1,Logan Marshall-Green
186633.jpg,442,5966,2,ID_5966_Logan Marshall-Green,1,1,1,Logan Marshall-Green
187694.jpg,453,5966,2,ID_5966_Logan Marshall-Green,1,1,1,Logan Marshall-Green
187972.jpg,455,5966,2,ID_5966_Logan Marshall-Green,1,1,1,Logan Marshall-Green
189042.jpg,464,5966,2,ID_5966_Logan Marshall-Green,1,1,1,Logan Marshall-Green
189996.jpg,471,5966,2,ID_5966_Logan Marshall-Green,1,1,1,Logan Marshall-Green
190166.jpg,475,5966,2,ID_5966_Logan Marshall-Green,1,1,1,Logan Marshall-Green
190754.jpg,482,5966,2,ID_5966_Logan Marshall-Green,1,1,1,Logan Marshall-Green
183678.jpg,399,6854,1,ID_6854_Michelle Obama,2,2,2,Michelle Obama
183926.jpg,405,6854,1,ID_6854_Michelle Obama,2,2,2,Michelle Obama
184292.jpg,412,6854,1,ID_6854_Michelle Obama,2,2,2,Michelle Obama
184970.jpg,423,6854,1,ID_6854_Michelle Obama,2,2,2,Michelle Obama
184989.jpg,424,6854,1,ID_6854_Michelle Obama,2,2,2,Michelle Obama
185852.jpg,433,6854,1,ID_6854_Michelle Obama,2,2,2,Michelle Obama
186480.jpg,439,6854,1,ID_6854_Michelle Obama,2,2,2,Michelle Obama
186615.jpg,440,6854,1,ID_6854_Michelle Obama,2,2,2,Michelle Obama
186762.jpg,443,6854,1,ID_6854_Michelle Obama,2,2,2,Michelle Obama
190084.jpg,473,6854,1,ID_6854_Michelle Obama,2,2,2,Michelle Obama
183745.jpg,401,5218,1,ID_5218_Katherine Bailess,1,1,1,Katherine Bailess
183927.jpg,406,5218,1,ID_5218_Katherine Bailess,1,1,1,Katherine Bailess
183934.jpg,408,5218,1,ID_5218_Katherine Bailess,1,1,1,Katherine Bailess
185238.jpg,428,5218,1,ID_5218_Katherine Bailess,1,1,1,Katherine Bailess
187335.jpg,448,5218,1,ID_5218_Katherine Bailess,1,1,1,Katherine Bailess
187404.jpg,449,5218,1,ID_5218_Katherine Bailess,1,1,1,Katherine Bailess
187583.jpg,451,5218,1,ID_5218_Katherine Bailess,1,1,1,Katherine Bailess
187701.jpg,454,5218,1,ID_5218_Katherine Bailess,1,1,1,Katherine Bailess
188532.jpg,461,5218,1,ID_5218_Katherine Bailess,1,1,1,Katherine Bailess
189474.jpg,469,5218,1,ID_5218_Katherine Bailess,1,1,1,Katherine Bailess
183799.jpg,402,8435,1,ID_8435_Samantha Mumba,2,2,2,Samantha Mumba
183928.jpg,407,8435,1,ID_8435_Samantha Mumba,2,2,2,Samantha Mumba
184001.jpg,409,8435,1,ID_8435_Samantha Mumba,2,2,2,Samantha Mumba
184040.jpg,410,8435,1,ID_8435_Samantha Mumba,2,2,2,Samantha Mumba
187214.jpg,447,8435,1,ID_8435_Samantha Mumba,2,2,2,Samantha Mumba
189105.jpg,466,8435,1,ID_8435_Samantha Mumba,2,2,2,Samantha Mumba
190546.jpg,478,8435,1,ID_8435_Samantha Mumba,2,2,2,Samantha Mumba
190681.jpg,479,8435,1,ID_8435_Samantha Mumba,2,2,2,Samantha Mumba
190788.jpg,484,8435,1,ID_8435_Samantha Mumba,2,2,2,Samantha Mumba
192023.jpg,489,8435,1,ID_8435_Samantha Mumba,2,2,2,Samantha Mumba
184331.jpg,413,5298,2,ID_5298_Keith Lieberthal,1,1,1,Keith Lieberthal
184349.jpg,415,5298,2,ID_5298_Keith Lieberthal,1,1,1,Keith Lieberthal
184401.jpg,416,5298,2,ID_5298_Keith Lieberthal,1,1,1,Keith Lieberthal
184793.jpg,420,5298,2,ID_5298_Keith Lieberthal,1,1,1,Keith Lieberthal
186407.jpg,438,5298,2,ID_5298_Keith Lieberthal,1,1,1,Keith Lieberthal
188259.jpg,458,5298,2,ID_5298_Keith Lieberthal,1,1,1,Keith Lieberthal
189965.jpg,470,5298,2,ID_5298_Keith Lieberthal,1,1,1,Keith Lieberthal
190730.jpg,481,5298,2,ID_5298_Keith Lieberthal,1,1,1,Keith Lieberthal
192607.jpg,491,5298,2,ID_5298_Keith Lieberthal,1,1,1,Keith Lieberthal
192919.jpg,492,5298,2,ID_5298_Keith Lieberthal,1,1,1,Keith Lieberthal
184345.jpg,414,5501,2,ID_5501_Kris Allen,1,1,1,Kris Allen
185281.jpg,430,5501,2,ID_5501_Kris Allen,1,1,1,Kris Allen
190464.jpg,477,5501,2,ID_5501_Kris Allen,1,1,1,Kris Allen
193055.jpg,493,5501,2,ID_5501_Kris Allen,1,1,1,Kris Allen
193297.jpg,494,5501,2,ID_5501_Kris Allen,1,1,1,Kris Allen
193364.jpg,495,5501,2,ID_5501_Kris Allen,1,1,1,Kris Allen
195076.jpg,497,5501,2,ID_5501_Kris Allen,1,1,1,Kris Allen
195614.jpg,498,5501,2,ID_5501_Kris Allen,1,1,1,Kris Allen
197103.jpg,499,5501,2,ID_5501_Kris Allen,1,1,1,Kris Allen
197439.jpg,500,5501,2,ID_5501_Kris Allen,1,1,1,Kris Allen
