"label","fit","level","group","type","term1","term2","value"
"fam_us_critical","selected","L1","participant","sd","(Intercept)",NA,0.483630507225066
"fam_us_critical","selected","L1","participant","sd","sem_dissim_z",NA,0.0794404820201645
"fam_us_critical","selected","L1","participant","sd","vis_dissim_z",NA,0.0503939178201384
"fam_us_critical","selected","L1","participant","sd","FAM",NA,0.135616006259821
"fam_us_critical","selected","L1","participant","sd","SXF",NA,0.0533715750472789
"fam_us_critical","selected","L1","participant","sd","VXF",NA,0.020091732071148
"fam_us_critical","selected","L1","participant","cor","(Intercept)","sem_dissim_z",0.0708022113452038
"fam_us_critical","selected","L1","participant","cor","(Intercept)","vis_dissim_z",0.0833861313215075
"fam_us_critical","selected","L1","participant","cor","sem_dissim_z","vis_dissim_z",-0.0713458625971174
"fam_us_critical","selected","L1","participant","cor","(Intercept)","FAM",-0.0779635445883681
"fam_us_critical","selected","L1","participant","cor","sem_dissim_z","FAM",-0.00920995915902661
"fam_us_critical","selected","L1","participant","cor","vis_dissim_z","FAM",0.023332796910953
"fam_us_critical","selected","L1","participant","cor","(Intercept)","SXF",-0.0118940754461895
"fam_us_critical","selected","L1","participant","cor","sem_dissim_z","SXF",0.000981497967559541
"fam_us_critical","selected","L1","participant","cor","vis_dissim_z","SXF",-0.0587342100696152
"fam_us_critical","selected","L1","participant","cor","FAM","SXF",0.0499464120013304
"fam_us_critical","selected","L1","participant","cor","(Intercept)","VXF",-0.195520940418828
"fam_us_critical","selected","L1","participant","cor","sem_dissim_z","VXF",-0.107233534064711
"fam_us_critical","selected","L1","participant","cor","vis_dissim_z","VXF",-0.0355696343557602
"fam_us_critical","selected","L1","participant","cor","FAM","VXF",0.0894174176768335
"fam_us_critical","selected","L1","participant","cor","SXF","VXF",0.0753044133170261
"fam_us_critical","selected","L1","target1","sd","(Intercept)",NA,0.0752427664608194
"fam_us_critical","selected","L1","target1","sd","sem_dissim_z",NA,0.0384160511949088
"fam_us_critical","selected","L1","target1","sd","vis_dissim_z",NA,0.0571599961264086
"fam_us_critical","selected","L1","target1","sd","FAM",NA,0.0198460971016051
"fam_us_critical","selected","L1","target1","cor","(Intercept)","sem_dissim_z",-0.181327370676627
"fam_us_critical","selected","L1","target1","cor","(Intercept)","vis_dissim_z",0.0849926285530924
"fam_us_critical","selected","L1","target1","cor","sem_dissim_z","vis_dissim_z",0.0789050439401599
"fam_us_critical","selected","L1","target1","cor","(Intercept)","FAM",-0.402277289726109
"fam_us_critical","selected","L1","target1","cor","sem_dissim_z","FAM",0.12156664627989
"fam_us_critical","selected","L1","target1","cor","vis_dissim_z","FAM",-0.211852459777732
"fam_us_critical","selected","L1","target2","sd","(Intercept)",NA,0.0718883930197741
"fam_us_critical","selected","L1","target2","sd","sem_dissim_z",NA,0.0514952804864613
"fam_us_critical","selected","L1","target2","sd","vis_dissim_z",NA,0.0373394406030576
"fam_us_critical","selected","L1","target2","sd","FAM",NA,0.0230634646026708
"fam_us_critical","selected","L1","target2","cor","(Intercept)","sem_dissim_z",-0.299728624916121
"fam_us_critical","selected","L1","target2","cor","(Intercept)","vis_dissim_z",0.454071013940489
"fam_us_critical","selected","L1","target2","cor","sem_dissim_z","vis_dissim_z",0.0239517751870185
"fam_us_critical","selected","L1","target2","cor","(Intercept)","FAM",0.0118480424220835
"fam_us_critical","selected","L1","target2","cor","sem_dissim_z","FAM",0.234905667631133
"fam_us_critical","selected","L1","target2","cor","vis_dissim_z","FAM",0.347955879351523
"fam_us_critical","selected","L1","Residual","sd","(Observation)",NA,1.53482730472547
"fam_us_critical","nointer","L1","participant","sd","(Intercept)",NA,0.483645400108177
"fam_us_critical","nointer","L1","participant","sd","sem_dissim_z",NA,0.0794267225567098
"fam_us_critical","nointer","L1","participant","sd","vis_dissim_z",NA,0.050418046597991
"fam_us_critical","nointer","L1","participant","sd","FAM",NA,0.135607583798113
"fam_us_critical","nointer","L1","participant","sd","SXF",NA,0.0533823046689093
"fam_us_critical","nointer","L1","participant","sd","VXF",NA,0.0204118476173129
"fam_us_critical","nointer","L1","participant","cor","(Intercept)","sem_dissim_z",0.0709565789467828
"fam_us_critical","nointer","L1","participant","cor","(Intercept)","vis_dissim_z",0.0837982435632886
"fam_us_critical","nointer","L1","participant","cor","sem_dissim_z","vis_dissim_z",-0.0717443878692935
"fam_us_critical","nointer","L1","participant","cor","(Intercept)","FAM",-0.0780032423053715
"fam_us_critical","nointer","L1","participant","cor","sem_dissim_z","FAM",-0.00943542512258505
"fam_us_critical","nointer","L1","participant","cor","vis_dissim_z","FAM",0.0210507880210764
"fam_us_critical","nointer","L1","participant","cor","(Intercept)","SXF",-0.0118529440808834
"fam_us_critical","nointer","L1","participant","cor","sem_dissim_z","SXF",0.000670673145460398
"fam_us_critical","nointer","L1","participant","cor","vis_dissim_z","SXF",-0.0604480942702765
"fam_us_critical","nointer","L1","participant","cor","FAM","SXF",0.0498912286877755
"fam_us_critical","nointer","L1","participant","cor","(Intercept)","VXF",-0.195029401725714
"fam_us_critical","nointer","L1","participant","cor","sem_dissim_z","VXF",-0.109193427579577
"fam_us_critical","nointer","L1","participant","cor","vis_dissim_z","VXF",-0.0346082235661706
"fam_us_critical","nointer","L1","participant","cor","FAM","VXF",0.0808913517230704
"fam_us_critical","nointer","L1","participant","cor","SXF","VXF",0.075681331582821
"fam_us_critical","nointer","L1","target1","sd","(Intercept)",NA,0.0751968982322942
"fam_us_critical","nointer","L1","target1","sd","sem_dissim_z",NA,0.0384098226229468
"fam_us_critical","nointer","L1","target1","sd","vis_dissim_z",NA,0.0573212506303897
"fam_us_critical","nointer","L1","target1","sd","FAM",NA,0.019855506677854
"fam_us_critical","nointer","L1","target1","cor","(Intercept)","sem_dissim_z",-0.183378067751011
"fam_us_critical","nointer","L1","target1","cor","(Intercept)","vis_dissim_z",0.0829851210780521
"fam_us_critical","nointer","L1","target1","cor","sem_dissim_z","vis_dissim_z",0.0837921274593376
"fam_us_critical","nointer","L1","target1","cor","(Intercept)","FAM",-0.40811145018444
"fam_us_critical","nointer","L1","target1","cor","sem_dissim_z","FAM",0.115885247123465
"fam_us_critical","nointer","L1","target1","cor","vis_dissim_z","FAM",-0.203271333727852
"fam_us_critical","nointer","L1","target2","sd","(Intercept)",NA,0.0719281278101958
"fam_us_critical","nointer","L1","target2","sd","sem_dissim_z",NA,0.0514855711784634
"fam_us_critical","nointer","L1","target2","sd","vis_dissim_z",NA,0.0372769645163646
"fam_us_critical","nointer","L1","target2","sd","FAM",NA,0.02346805782812
"fam_us_critical","nointer","L1","target2","cor","(Intercept)","sem_dissim_z",-0.300485325869
"fam_us_critical","nointer","L1","target2","cor","(Intercept)","vis_dissim_z",0.450919897650607
"fam_us_critical","nointer","L1","target2","cor","sem_dissim_z","vis_dissim_z",0.0206338734125789
"fam_us_critical","nointer","L1","target2","cor","(Intercept)","FAM",0.00236656537175799
"fam_us_critical","nointer","L1","target2","cor","sem_dissim_z","FAM",0.230344396795022
"fam_us_critical","nointer","L1","target2","cor","vis_dissim_z","FAM",0.356984539684578
"fam_us_critical","nointer","L1","Residual","sd","(Observation)",NA,1.53482930943194
"fam_us_critical","L0","L0","participant","sd","(Intercept)",NA,0.483665979177387
"fam_us_critical","L0","L0","participant","sd","sem_dissim_z",NA,0.0794306099919802
"fam_us_critical","L0","L0","participant","sd","vis_dissim_z",NA,0.0509204754709451
"fam_us_critical","L0","L0","participant","sd","FAM",NA,0.135704855674519
"fam_us_critical","L0","L0","participant","sd","SXF",NA,0.053087459198892
"fam_us_critical","L0","L0","participant","sd","VXF",NA,0.00576412151707636
"fam_us_critical","L0","L0","participant","cor","(Intercept)","sem_dissim_z",0.06890676603211
"fam_us_critical","L0","L0","participant","cor","(Intercept)","vis_dissim_z",0.0845993104087704
"fam_us_critical","L0","L0","participant","cor","sem_dissim_z","vis_dissim_z",-0.0717245906225189
"fam_us_critical","L0","L0","participant","cor","(Intercept)","FAM",-0.0779107257191607
"fam_us_critical","L0","L0","participant","cor","sem_dissim_z","FAM",-0.00679342496832194
"fam_us_critical","L0","L0","participant","cor","vis_dissim_z","FAM",0.0185091967423607
"fam_us_critical","L0","L0","participant","cor","(Intercept)","SXF",-0.014808670610553
"fam_us_critical","L0","L0","participant","cor","sem_dissim_z","SXF",0.00147188230495203
"fam_us_critical","L0","L0","participant","cor","vis_dissim_z","SXF",-0.0624798130185102
"fam_us_critical","L0","L0","participant","cor","FAM","SXF",0.0520429687160691
"fam_us_critical","L0","L0","participant","cor","(Intercept)","VXF",-0.662156281320535
"fam_us_critical","L0","L0","participant","cor","sem_dissim_z","VXF",-0.424970698269568
"fam_us_critical","L0","L0","participant","cor","vis_dissim_z","VXF",0.0703359183437593
"fam_us_critical","L0","L0","participant","cor","FAM","VXF",0.280546495884735
"fam_us_critical","L0","L0","participant","cor","SXF","VXF",0.585513513338393
"fam_us_critical","L0","L0","target1","sd","(Intercept)",NA,0.0748588045162797
"fam_us_critical","L0","L0","target1","sd","sem_dissim_z",NA,0.039669974003077
"fam_us_critical","L0","L0","target1","sd","vis_dissim_z",NA,0.0559793899085268
"fam_us_critical","L0","L0","target1","sd","FAM",NA,0.0196339175327056
"fam_us_critical","L0","L0","target1","sd","SXF",NA,0.0145304949968458
"fam_us_critical","L0","L0","target1","sd","VXF",NA,0.0118740681901978
"fam_us_critical","L0","L0","target1","cor","(Intercept)","sem_dissim_z",-0.150223024761478
"fam_us_critical","L0","L0","target1","cor","(Intercept)","vis_dissim_z",0.117349900322966
"fam_us_critical","L0","L0","target1","cor","sem_dissim_z","vis_dissim_z",0.0657478034404023
"fam_us_critical","L0","L0","target1","cor","(Intercept)","FAM",-0.397605915932592
"fam_us_critical","L0","L0","target1","cor","sem_dissim_z","FAM",0.286388636104913
"fam_us_critical","L0","L0","target1","cor","vis_dissim_z","FAM",-0.391476312746221
"fam_us_critical","L0","L0","target1","cor","(Intercept)","SXF",-0.100548176429698
"fam_us_critical","L0","L0","target1","cor","sem_dissim_z","SXF",-0.405513932562694
"fam_us_critical","L0","L0","target1","cor","vis_dissim_z","SXF",0.00275481121880962
"fam_us_critical","L0","L0","target1","cor","FAM","SXF",-0.272782599357722
"fam_us_critical","L0","L0","target1","cor","(Intercept)","VXF",0.103823538735953
"fam_us_critical","L0","L0","target1","cor","sem_dissim_z","VXF",-0.560153720463993
"fam_us_critical","L0","L0","target1","cor","vis_dissim_z","VXF",0.16880189669656
"fam_us_critical","L0","L0","target1","cor","FAM","VXF",0.337621332160112
"fam_us_critical","L0","L0","target1","cor","SXF","VXF",0.368156888113337
"fam_us_critical","L0","L0","target2","sd","(Intercept)",NA,0.0714325475619635
"fam_us_critical","L0","L0","target2","sd","sem_dissim_z",NA,0.0507151662389865
"fam_us_critical","L0","L0","target2","sd","vis_dissim_z",NA,0.0382107345757694
"fam_us_critical","L0","L0","target2","sd","FAM",NA,0.0272678640824774
"fam_us_critical","L0","L0","target2","sd","SXF",NA,0.0187343902444078
"fam_us_critical","L0","L0","target2","sd","VXF",NA,0.00855664058648541
"fam_us_critical","L0","L0","target2","cor","(Intercept)","sem_dissim_z",-0.320571154196141
"fam_us_critical","L0","L0","target2","cor","(Intercept)","vis_dissim_z",0.455250727091888
"fam_us_critical","L0","L0","target2","cor","sem_dissim_z","vis_dissim_z",-0.0371279525446369
"fam_us_critical","L0","L0","target2","cor","(Intercept)","FAM",0.0364268566573265
"fam_us_critical","L0","L0","target2","cor","sem_dissim_z","FAM",0.267911661483108
"fam_us_critical","L0","L0","target2","cor","vis_dissim_z","FAM",0.419289041732875
"fam_us_critical","L0","L0","target2","cor","(Intercept)","SXF",-0.432273618648429
"fam_us_critical","L0","L0","target2","cor","sem_dissim_z","SXF",0.792328785940481
"fam_us_critical","L0","L0","target2","cor","vis_dissim_z","SXF",-0.23207081049807
"fam_us_critical","L0","L0","target2","cor","FAM","SXF",0.394539977157592
"fam_us_critical","L0","L0","target2","cor","(Intercept)","VXF",-0.0893189908843322
"fam_us_critical","L0","L0","target2","cor","sem_dissim_z","VXF",-0.207060055310681
"fam_us_critical","L0","L0","target2","cor","vis_dissim_z","VXF",0.756676325132052
"fam_us_critical","L0","L0","target2","cor","FAM","VXF",0.324384094777965
"fam_us_critical","L0","L0","target2","cor","SXF","VXF",-0.36186588612981
"fam_us_critical","L0","L0","Residual","sd","(Observation)",NA,1.53475264017617
