dataset,variant,trait,target,n_pairs_dropped,dfbeta_sem,dfbeta_vis,beta_sem_full,beta_vis_full,z_sem,z_vis
cn,midpoint,warm,0,7703,0.0006866368939554314,-0.0017971706360687114,-0.015632257798279852,-0.004819556847563992,0.17633746314012405,-0.5399642812868424
cn,midpoint,warm,1,11747,0.001450384846722174,-0.0033171766149726997,-0.015632257798279852,-0.004819556847563992,0.37118634401608364,-0.9900425605106185
cn,midpoint,warm,2,9491,-0.0036677430686169986,-0.002584482529387402,-0.015632257798279852,-0.004819556847563992,-0.9345605229590491,-0.7730896683414363
cn,midpoint,warm,3,11116,-0.00047298731008460493,-0.0008864773719863845,-0.015632257798279852,-0.004819556847563992,-0.11950814610222855,-0.27030530435676015
cn,midpoint,warm,4,11295,0.0023385578232061888,0.0002908036448990006,-0.015632257798279852,-0.004819556847563992,0.5977787818291833,0.078291096970988
cn,midpoint,warm,5,9900,0.0026420822121748094,0.00043435990080614197,-0.015632257798279852,-0.004819556847563992,0.6752145213226254,0.12079853018324607
cn,midpoint,warm,6,8130,-0.0029803684773952906,0.0064124480893191435,-0.015632257798279852,-0.004819556847563992,-0.7591961643942478,1.890928175906084
cn,midpoint,warm,7,10304,0.0020955441636361094,-0.001383315478671804,-0.015632257798279852,-0.004819556847563992,0.5357806587137386,-0.4174205415422168
cn,midpoint,warm,8,10396,-0.0037616205898248697,-0.0004604953968952068,-0.015632257798279852,-0.004819556847563992,-0.9585107409341006,-0.14417077792047098
cn,midpoint,warm,9,9656,-0.001714162412948748,-0.0021487817793683587,-0.015632257798279852,-0.004819556847563992,-0.4361591811565163,-0.6440773838197146
cn,midpoint,warm,10,11475,0.0006746115741535393,0.0025337583356391585,-0.015632257798279852,-0.004819556847563992,0.17326953988470184,0.7424366342886362
cn,midpoint,warm,11,11204,0.005037793370682657,-0.0033183379833785333,-0.015632257798279852,-0.004819556847563992,1.2864130671861838,-0.9903864451406114
cn,midpoint,warm,12,10722,-0.0031386736705949214,0.010101859177934724,-0.015632257798279852,-0.004819556847563992,-0.7995832968507863,2.9833737433311227
cn,midpoint,warm,13,7216,0.005700510627972923,-0.0022326905192145557,-0.015632257798279852,-0.004819556847563992,1.4554867981892066,-0.6689230105908954
cn,midpoint,warm,14,10982,-0.0017862440760342147,0.00047295378852292395,-0.015632257798279852,-0.004819556847563992,-0.4545487969099881,0.1322262948191785
cn,midpoint,warm,15,9537,-0.004000673992953244,0.003258206196541444,-0.015632257798279852,-0.004819556847563992,-1.0194985156317817,0.9569477948679866
cn,midpoint,warm,16,6831,-0.003373004977967709,-0.0022841871850143433,-0.015632257798279852,-0.004819556847563992,-0.8593663611855369,-0.6841713260913664
cn,midpoint,warm,17,7164,0.000543518414673174,-0.0011083264957133928,-0.015632257798279852,-0.004819556847563992,0.13982479502782874,-0.33599548797455864
cn,midpoint,warm,18,11762,-0.002619805459529695,0.0009612649098971245,-0.015632257798279852,-0.004819556847563992,-0.6672086176363624,0.27681666635995716
cn,midpoint,warm,19,11554,0.0008730200271224904,-0.000804062299520911,-0.015632257798279852,-0.004819556847563992,0.22388789490258781,-0.24590195692775235
cn,midpoint,warm,20,11109,0.002015063373751052,0.0021746113806807004,-0.015632257798279852,-0.004819556847563992,0.5152482412004623,0.6360921555697323
cn,midpoint,warm,21,11130,0.0034388654018077565,0.0014364175335259029,-0.015632257798279852,-0.004819556847563992,0.8784914168460011,0.41751076768560164
cn,midpoint,warm,22,10487,-0.0004980170340817651,0.00030097621873432893,-0.015632257798279852,-0.004819556847563992,-0.12589377855049033,0.08130322625904693
cn,midpoint,warm,23,11353,0.00047929187833632356,-0.0039085497656617405,-0.015632257798279852,-0.004819556847563992,0.12343919467048609,-1.1651499046496105
cn,midpoint,warm,24,10963,-0.007293005008141897,0.006845734156999461,-0.015632257798279852,-0.004819556847563992,-1.8594444840089233,2.0192254658245155
cn,midpoint,warm,25,10674,0.004360849034794119,-0.002289326995915749,-0.015632257798279852,-0.004819556847563992,1.1137096958902273,-0.6856932393457527
cn,midpoint,warm,26,8537,-0.0021001515906795692,0.0049955366850449965,-0.015632257798279852,-0.004819556847563992,-0.5346334998615672,1.471376506044834
cn,midpoint,warm,27,11075,-0.0032255362377213506,0.003138215250811132,-0.015632257798279852,-0.004819556847563992,-0.8217438459341392,0.9214181199020544
cn,midpoint,warm,28,9867,-0.010765844715893898,0.00022932215807621153,-0.015632257798279852,-0.004819556847563992,-2.745442185299964,0.06008624634712869
cn,midpoint,warm,29,11437,-0.0022005740429674563,-0.001011931171888044,-0.015632257798279852,-0.004819556847563992,-0.5602534735351206,-0.3074525466475678
cn,midpoint,warm,30,8816,-0.003908216167734565,-0.0030187788822664307,-0.015632257798279852,-0.004819556847563992,-0.9959104932916594,-0.9016861067040659
cn,midpoint,warm,31,10938,0.004294425573780611,-0.007971369585377145,-0.015632257798279852,-0.004819556847563992,1.0967636117855113,-2.3681629050144366
cn,midpoint,warm,32,10092,0.010149357920704254,-0.00821141150042196,-0.015632257798279852,-0.004819556847563992,2.590485475483847,-2.4392400281076307
cn,midpoint,warm,33,11183,0.0029813523632191315,0.001048168004952204,-0.015632257798279852,-0.004819556847563992,0.761769789989635,0.3025489305907948
cn,midpoint,warm,34,11045,0.0022838024296590216,-0.0030355999394847625,-0.015632257798279852,-0.004819556847563992,0.5838094780609194,-0.9066668716435633
cn,midpoint,warm,35,11355,0.0018034234283297382,0.0021024537790140614,-0.015632257798279852,-0.004819556847563992,0.46125424178664437,0.6147260756715117
cn,midpoint,warm,36,11499,-0.00025864317767046625,0.002261463848812496,-0.015632257798279852,-0.004819556847563992,-0.06482424918057116,0.6618094290184083
cn,midpoint,warm,37,11155,-0.005063139238572163,-0.001268112022125835,-0.015632257798279852,-0.004819556847563992,-1.290556740178898,-0.38330845632513894
cn,midpoint,warm,38,10699,7.850501880040522e-05,0.0035399299196859357,-0.015632257798279852,-0.004819556847563992,0.02118966225934709,1.0403670249823422
cn,midpoint,warm,39,9863,-7.470446688688688e-05,0.004131047512400298,-0.015632257798279852,-0.004819556847563992,-0.01789744326755646,1.2153986976469577
cn,midpoint,warm,40,11344,0.0026263974350677205,-0.0021447276313499276,-0.015632257798279852,-0.004819556847563992,0.6712129901171616,-0.6428769385654336
cn,midpoint,warm,41,10741,0.007155051954747502,-0.0031494776490192606,-0.015632257798279852,-0.004819556847563992,1.8265722442230223,-0.9403863992379146
cn,midpoint,warm,42,11232,0.0023633299033955155,-0.000731040008597382,-0.015632257798279852,-0.004819556847563992,0.6040986836821104,-0.22427983997559536
cn,midpoint,warm,43,11037,-0.005044754663311942,0.0018984177707558015,-0.015632257798279852,-0.004819556847563992,-1.285866431155015,0.5543104083839514
cn,midpoint,warm,44,11660,-0.004240249231616746,0.004402944058994385,-0.015632257798279852,-0.004819556847563992,-1.0806194220382324,1.2959080716338895
cn,midpoint,warm,45,11478,0.0016467395123081902,0.0002498223368599039,-0.015632257798279852,-0.004819556847563992,0.4212807327546855,0.06615641009569302
cn,midpoint,warm,46,9916,0.0015855122381566757,-0.0006854946483902244,-0.015632257798279852,-0.004819556847563992,0.40566031006904624,-0.21079372371475966
cn,midpoint,warm,47,10263,0.0018037942091176824,-0.0007915650139873756,-0.015632257798279852,-0.004819556847563992,0.46134883611101474,-0.2422014736099449
cn,midpoint,warm,48,11016,0.006223597669927687,-0.0021529098564417658,-0.015632257798279852,-0.004819556847563992,1.588937793843437,-0.6452997196864734
cn,midpoint,warm,49,11335,-0.00537149815143427,0.0007950178721884953,-0.015632257798279852,-0.004819556847563992,-1.3692258729230864,0.22759042534746945
cn,midpoint,critical,0,7606,0.003962605670824324,0.00300563815338295,0.021526983301875968,-0.0014001698045132025,0.6945487821270487,0.766599329965217
cn,midpoint,critical,1,11674,-0.00434372437446744,0.0025889015146004614,0.021526983301875968,-0.0014001698045132025,-0.7378302578970287,0.6589610775213065
cn,midpoint,critical,2,9435,-0.007226010741992039,0.0016139348421946177,0.021526983301875968,-0.0014001698045132025,-1.234864033063418,0.40713846572644163
cn,midpoint,critical,3,11192,-7.3872728056888215e-06,-0.002347271258432643,0.021526983301875968,-0.0014001698045132025,0.009946237983935858,-0.615995241660919
cn,midpoint,critical,4,11407,0.0029820161889622283,0.0020327926318044207,0.021526983301875968,-0.0014001698045132025,0.5254517425164587,0.5153245868888048
cn,midpoint,critical,5,9925,0.0021737718162267716,0.003186053377562421,0.021526983301875968,-0.0014001698045132025,0.38607462983118834,0.8131984950918771
cn,midpoint,critical,6,8067,0.0023164357141719216,-0.0022651080823090637,0.021526983301875968,-0.0014001698045132025,0.41067620189376214,-0.5947734438391074
cn,midpoint,critical,7,10238,0.004682379221175353,-0.0008054719259958076,0.021526983301875968,-0.0014001698045132025,0.8186696082277306,-0.2177663116404225
cn,midpoint,critical,8,10310,-0.015284565058948665,0.0061746841554386625,0.021526983301875968,-0.0014001698045132025,-2.6245155679247163,1.5851272486339587
cn,midpoint,critical,9,9619,-0.0009274852477409168,-0.003082765537710157,0.021526983301875968,-0.0014001698045132025,-0.14871938773519322,-0.8059649048400798
cn,midpoint,critical,10,11492,0.0006752029240533128,0.007540691800588575,0.021526983301875968,-0.0014001698045132025,0.1276550077505482,1.9379512196160278
cn,midpoint,critical,11,11192,0.0010855291307456001,-0.002320171409234217,0.021526983301875968,-0.0014001698045132025,0.19841341186329672,-0.6089956641394076
cn,midpoint,critical,12,10672,-0.0029719117269455496,0.006733209804496678,0.021526983301875968,-0.0014001698045132025,-0.5012690241829796,1.7293879620316206
cn,midpoint,critical,13,7149,0.0018916221239176634,-0.0031619021104259785,0.021526983301875968,-0.0014001698045132025,0.3374195314653476,-0.8264049660173678
cn,midpoint,critical,14,10872,0.0010279964092931547,-0.0021333245463199166,0.021526983301875968,-0.0014001698045132025,0.18849222357982157,-0.5607352811371361
cn,midpoint,critical,15,9542,-0.0018042985713975987,-0.000956242758674916,0.021526983301875968,-0.0014001698045132025,-0.2999208232634589,-0.25670867340756925
cn,midpoint,critical,16,6767,-0.017909368124010554,-0.006657566978864737,0.021526983301875968,-0.0014001698045132025,-3.077147822372239,-1.7292947591193095
cn,midpoint,critical,17,7204,0.005194275205687313,-0.001367143182723877,0.021526983301875968,-0.0014001698045132025,0.9069431387627993,-0.36283949910676233
cn,midpoint,critical,18,11755,-0.0019782345141923126,0.0020267796295183093,0.021526983301875968,-0.0014001698045132025,-0.3299150803429973,0.5137714979645643
cn,midpoint,critical,19,11586,-0.0001017478922175144,0.0005237726401099501,0.021526983301875968,-0.0014001698045132025,-0.006325710362951733,0.1255621813478446
cn,midpoint,critical,20,11137,0.008313524495831347,-0.003335051542547218,0.021526983301875968,-0.0014001698045132025,1.4448398126789583,-0.8711274611155571
cn,midpoint,critical,21,11054,0.004190128383450446,-0.0027958990919581634,0.021526983301875968,-0.0014001698045132025,0.7337837707342986,-0.7318706207479706
cn,midpoint,critical,22,10505,0.0059077680571265005,-0.0021824328625858133,0.021526983301875968,-0.0014001698045132025,1.0299808943101842,-0.5734193910794897
cn,midpoint,critical,23,11243,0.0017793592972183796,0.0001416530619882039,0.021526983301875968,-0.0014001698045132025,0.31806045001046884,0.026865115177243798
cn,midpoint,critical,24,10951,-0.0018351733106182558,0.0021217600167523316,0.021526983301875968,-0.0014001698045132025,-0.3052449952003718,0.5383038331299687
cn,midpoint,critical,25,10707,-0.0007531511266254294,-0.005002433330082403,0.021526983301875968,-0.0014001698045132025,-0.11865646708488913,-1.3017928863861328
cn,midpoint,critical,26,8590,-0.00047978275382645416,0.0013187906871038153,0.021526983301875968,-0.0014001698045132025,-0.0715156569716803,0.3309061450794687
cn,midpoint,critical,27,11011,-0.002520279817812169,0.003422429064065728,0.021526983301875968,-0.0014001698045132025,-0.42338768827153256,0.8742516002130838
cn,midpoint,critical,28,9937,-0.008777209514444644,0.002605895803052838,0.021526983301875968,-0.0014001698045132025,-1.502359376549272,0.6633505056164357
cn,midpoint,critical,29,11344,-0.0006026197083663885,-0.0031425971123019546,0.021526983301875968,-0.0014001698045132025,-0.09269818620709454,-0.821418708347359
cn,midpoint,critical,30,8748,-0.0036087643513715156,-0.001347748344171564,0.021526983301875968,-0.0014001698045132025,-0.6110906115552687,-0.3578300366935178
cn,midpoint,critical,31,10956,0.0033577908079346387,-0.00450108474355485,0.021526983301875968,-0.0014001698045132025,0.590251923228542,-1.172300346741169
cn,midpoint,critical,32,10117,0.019288511972821994,-0.013571634065675546,0.021526983301875968,-0.0014001698045132025,3.3374135414918196,-3.515118296686187
cn,midpoint,critical,33,11218,0.005578150242085501,-0.00322680559087546,0.021526983301875968,-0.0014001698045132025,0.9731401900630805,-0.8431687841292569
cn,midpoint,critical,34,11049,0.002655201988439139,0.0011645498838045957,0.021526983301875968,-0.0014001698045132025,0.46909450553466514,0.2910675300462983
cn,midpoint,critical,35,11383,0.002701783195508352,0.003207458956193612,0.021526983301875968,-0.0014001698045132025,0.4771271678898989,0.8187273084046292
cn,midpoint,critical,36,11532,0.0030349401666902726,-0.0008156500510469307,0.021526983301875968,-0.0014001698045132025,0.5345781793422287,-0.22039520358728656
cn,midpoint,critical,37,11089,-0.006377515720251494,-0.0021934914510056934,0.021526983301875968,-0.0014001698045132025,-1.0885459265014437,-0.5762756965281538
cn,midpoint,critical,38,10718,-0.005676069833146346,0.00520297785750547,0.021526983301875968,-0.0014001698045132025,-0.9675856009518924,1.3341467538451104
cn,midpoint,critical,39,9913,0.0020952447422695475,0.0010390420543096304,0.021526983301875968,-0.0014001698045132025,0.37253308570792,0.25865030972620684
cn,midpoint,critical,40,11414,-0.0023400687921244154,0.0011720271397686725,0.021526983301875968,-0.0014001698045132025,-0.39231132908897226,0.2929988187551587
cn,midpoint,critical,41,10605,0.0023901230512166326,-0.0022774159033430294,0.021526983301875968,-0.0014001698045132025,0.4233831611070986,-0.5979524116192356
cn,midpoint,critical,42,11102,-0.006555561962208592,0.005988272041302251,0.021526983301875968,-0.0014001698045132025,-1.1192489811289152,1.5369791562112742
cn,midpoint,critical,43,11057,-0.001692693479577869,5.206036533651499e-05,0.021526983301875968,-0.0014001698045132025,-0.2806751644212418,0.003724358157416336
cn,midpoint,critical,44,11701,-0.007320946321017582,0.007046705320411748,0.021526983301875968,-0.0014001698045132025,-1.2512351299024869,1.810360226866997
cn,midpoint,critical,45,11673,-0.0006083825698892376,0.0038443515229902823,0.021526983301875968,-0.0014001698045132025,-0.09369195866868474,0.9832292900033508
cn,midpoint,critical,46,9926,-0.00044510916895274324,0.0026268077772357073,0.021526983301875968,-0.0014001698045132025,-0.06553639586060139,0.6687518266108469
cn,midpoint,critical,47,10190,0.002731807289739263,-0.0023758782963403547,0.021526983301875968,-0.0014001698045132025,0.48230465097058167,-0.6233841085889117
cn,midpoint,critical,48,10998,0.007335690797604174,-0.0020950287564003543,0.021526983301875968,-0.0014001698045132025,1.2762179921718688,-0.5508439216566171
cn,midpoint,critical,49,11284,0.0015429402198878436,-0.0005390717328502653,0.021526983301875968,-0.0014001698045132025,0.27729133426577945,-0.14895822381622498
cn,midpoint,competent,0,7492,0.0016814672797793445,-0.0032452729305421507,-0.07420889536675558,0.01894705880010612,0.44216763277598725,-0.8963930419584595
cn,midpoint,competent,1,11531,0.0015628416609172885,-0.004056395463947267,-0.07420889536675558,0.01894705880010612,0.41223962645284007,-1.120151725153726
cn,midpoint,competent,2,9175,-0.002224100358392711,0.009040400869796222,-0.07420889536675558,0.01894705880010612,-0.5431663456002458,2.4927696042693643
cn,midpoint,competent,3,10972,-0.0037615542982843975,0.0016444426974072876,-0.07420889536675558,0.01894705880010612,-0.9310499383352365,0.45249850654303453
cn,midpoint,competent,4,11291,-0.007387784367872491,-0.004714057675713194,-0.07420889536675558,0.01894705880010612,-1.8459099617675983,-1.3015763859559089
cn,midpoint,competent,5,9775,0.0048829399652391275,0.0033131153470271346,-0.07420889536675558,0.01894705880010612,1.2498657985932762,0.9128235245097197
cn,midpoint,competent,6,8030,0.009800674828114878,-0.0011204756460060465,-0.07420889536675558,0.01894705880010612,2.4905590104268263,-0.3102401207114589
cn,midpoint,competent,7,10129,0.003681055485471818,-7.848121872862379e-05,-0.07420889536675558,0.01894705880010612,0.946642880515215,-0.022792427740078575
cn,midpoint,competent,8,10190,-0.0027749748452486483,0.00306704206849933,-0.07420889536675558,0.01894705880010612,-0.6821462327783805,0.8449410153877308
cn,midpoint,competent,9,9451,-0.0043338302547821506,0.0013795607211636064,-0.07420889536675558,0.01894705880010612,-1.0754291930775541,0.37942737392681897
cn,midpoint,competent,10,11330,-0.00035223419464135153,0.0007417788795016714,-0.07420889536675558,0.01894705880010612,-0.070914036847443,0.2034869713626971
cn,midpoint,competent,11,11101,0.004458423651426721,-0.0016709399442397764,-0.07420889536675558,0.01894705880010612,1.14276476050444,-0.4620928451102124
cn,midpoint,competent,12,10592,0.00024101657174253888,0.001989620631799905,-0.07420889536675558,0.01894705880010612,0.07875694365294289,0.5477203218506587
cn,midpoint,competent,13,7111,0.009669572493597733,-0.00412543140144532,-0.07420889536675558,0.01894705880010612,2.457483258881361,-1.1391961849382009
cn,midpoint,competent,14,10763,-0.003887567231036282,0.0022088249484738184,-0.07420889536675558,0.01894705880010612,-0.9628416868999559,0.6081906789541218
cn,midpoint,competent,15,9407,-0.000310096282927802,-0.0006434477852614896,-0.07420889536675558,0.01894705880010612,-0.06028308123848803,-0.1786457911598398
cn,midpoint,competent,16,6708,-0.004536055601848943,-0.007506928934290211,-0.07420889536675558,0.01894705880010612,-1.1264485388459704,-2.0720261878244735
cn,midpoint,competent,17,7262,0.0005616133659375883,0.0007936022532196371,-0.07420889536675558,0.01894705880010612,0.15964017086718837,0.21778312192479302
cn,midpoint,competent,18,11381,-0.005799110444486583,0.005024614227563397,-0.07420889536675558,0.01894705880010612,-1.4451041014432673,1.3849627143695773
cn,midpoint,competent,19,11364,-0.004676530612098315,-0.0012210001924074787,-0.07420889536675558,0.01894705880010612,-1.1618889187176755,-0.3379711221387755
cn,midpoint,competent,20,10943,-0.00025092072318466663,-0.0036795880523105354,-0.07420889536675558,0.01894705880010612,-0.04535370474159702,-1.0162045078423052
cn,midpoint,competent,21,10893,-0.0006355421542954265,-0.001959484416813581,-0.07420889536675558,0.01894705880010612,-0.14238968004543318,-0.5416915845945469
cn,midpoint,competent,22,10435,-0.0010628145248106624,-0.0004262957866416131,-0.07420889536675558,0.01894705880010612,-0.2501860424935476,-0.11874159264075397
cn,midpoint,competent,23,11134,-0.007923829750360087,0.008916242505700216,-0.07420889536675558,0.01894705880010612,-1.9811486205874778,2.4585189073479348
cn,midpoint,competent,24,10818,-0.003927235068027474,0.0008268046217514216,-0.07420889536675558,0.01894705880010612,-0.9728494684203918,0.22694242641414997
cn,midpoint,competent,25,10658,-0.0036636117915120475,-0.005449352515913008,-0.07420889536675558,0.01894705880010612,-0.9063400654586502,-1.5044170153644993
cn,midpoint,competent,26,8456,0.005921816053431811,0.0003358835008814877,-0.07420889536675558,0.01894705880010612,1.5119633997240391,0.0915154606541727
cn,midpoint,competent,27,10898,-0.004150305743751331,0.004657246375152534,-0.07420889536675558,0.01894705880010612,-1.0291278731833258,1.2836195220424669
cn,midpoint,competent,28,9801,-0.0029086191562801844,0.004624078260616575,-0.07420889536675558,0.01894705880010612,-0.715863298484529,1.2744696669626436
cn,midpoint,competent,29,11168,0.0035125851092125543,-0.0015635843992193726,-0.07420889536675558,0.01894705880010612,0.9041395618028101,-0.4324774240139303
cn,midpoint,competent,30,8594,-0.005199389534882068,-0.001999564523989132,-0.07420889536675558,0.01894705880010612,-1.2938007712946686,-0.5527482025956243
cn,midpoint,competent,31,10829,0.0025285469778588837,-0.0035967368697479296,-0.07420889536675558,0.01894705880010612,0.6558770051992746,-0.9933489333170193
cn,midpoint,competent,32,9851,0.0012668720886315488,-0.0009189293694940766,-0.07420889536675558,0.01894705880010612,0.33756959045389556,-0.25464096327478175
cn,midpoint,competent,33,11043,0.0013474116553453125,-0.0003167496687666374,-0.07420889536675558,0.01894705880010612,0.3578888830737805,-0.0885218735781404
cn,midpoint,competent,34,10954,-0.0019420984696466442,-0.0023772459997340387,-0.07420889536675558,0.01894705880010612,-0.47202021046946996,-0.6569365418409314
cn,midpoint,competent,35,11117,0.0012278913013282905,-0.00036020121341383965,-0.07420889536675558,0.01894705880010612,0.32773514440350426,-0.1005085463835947
cn,midpoint,competent,36,11337,0.0007535020857666747,-0.0017491049608512332,-0.07420889536675558,0.01894705880010612,0.20805169339895782,-0.483655679908417
cn,midpoint,competent,37,10968,0.0027801810835327567,-0.0009095247848959244,-0.07420889536675558,0.01894705880010612,0.7193616654098527,-0.2520465864956694
cn,midpoint,competent,38,10451,0.004428512086743025,0.0016170976893010273,-0.07420889536675558,0.01894705880010612,1.1352183847251078,0.44495503098437356
cn,midpoint,competent,39,9557,0.000836927819038602,-0.0031483957263342445,-0.07420889536675558,0.01894705880010612,0.22909913573752047,-0.8696682072356479
cn,midpoint,competent,40,11173,0.0031889920431786706,-0.000909185163378505,-0.07420889536675558,0.01894705880010612,0.8225004064560187,-0.25195289749013344
cn,midpoint,competent,41,10547,-0.0002901458512242078,0.0024017811092416942,-0.07420889536675558,0.01894705880010612,-0.055249795411174495,0.6614201414208857
cn,midpoint,competent,42,10923,0.004736471137506595,-0.002542436341121654,-0.07420889536675558,0.01894705880010612,1.21291324108864,-0.7025064424949036
cn,midpoint,competent,43,10791,0.0009120223739993577,0.006869643876935434,-0.07420889536675558,0.01894705880010612,0.2480447086859141,1.893938100698189
cn,midpoint,competent,44,11537,-0.005429778000816454,0.0028726647866761414,-0.07420889536675558,0.01894705880010612,-1.351925378200049,0.7913195182247257
cn,midpoint,competent,45,11412,-0.0031487975173848937,0.003671922364502013,-0.07420889536675558,0.01894705880010612,-0.776457793828604,1.0118050993580425
cn,midpoint,competent,46,9652,0.0033095607121559206,0.00526985266478113,-0.07420889536675558,0.01894705880010612,0.8529186240563887,1.4526149216758413
cn,midpoint,competent,47,10098,0.0018138100561468917,-0.005683904338265867,-0.07420889536675558,0.01894705880010612,0.4755563348619724,-1.5691211811955244
cn,midpoint,competent,48,10863,0.0009153440439661625,-0.0009278007449579212,-0.07420889536675558,0.01894705880010612,0.2488827313721059,-0.25708824739052116
cn,midpoint,competent,49,11082,0.00099926116235724,-0.004158651456678739,-0.07420889536675558,0.01894705880010612,0.270054145050874,-1.148360368533864
cn,midpoint,practical,0,7702,0.0015025667238076496,-0.007706302172156249,-0.0402190663661229,0.022731131358148533,0.38430044764267707,-1.5158378775248331
cn,midpoint,practical,1,11635,-0.0008442602838181767,-0.002965462455522986,-0.0402190663661229,0.022731131358148533,-0.19891815452940026,-0.5834359885547702
cn,midpoint,practical,2,9391,-0.0033660796700864803,0.00501676957161324,-0.0402190663661229,0.022731131358148533,-0.8256247556596455,0.986464844453057
cn,midpoint,practical,3,11168,-0.0017228105088474902,-0.00017940744922345306,-0.0402190663661229,0.022731131358148533,-0.41724989884400043,-0.035490243514274704
cn,midpoint,practical,4,11373,0.000708766248374286,-0.002305609703204689,-0.0402190663661229,0.022731131358148533,0.1870301749803002,-0.453659832962529
cn,midpoint,practical,5,9810,0.0034616761976730623,0.0014068776890678765,-0.0402190663661229,0.022731131358148533,0.8711659409820277,0.27649146179390083
cn,midpoint,practical,6,8096,0.004268560831218696,0.004719092974902167,-0.0402190663661229,0.022731131358148533,1.0716878058495565,0.9279194732392226
cn,midpoint,practical,7,10159,0.0015184883941091742,0.0007006101970063218,-0.0402190663661229,0.022731131358148533,0.38825720042732054,0.13758671430667757
cn,midpoint,practical,8,10282,-0.0028412185165978127,0.0054127208042658095,-0.0402190663661229,0.022731131358148533,-0.6951895820071314,1.0643383224299627
cn,midpoint,practical,9,9620,-0.0034855582937087445,0.0015998616652630991,-0.0402190663661229,0.022731131358148533,-0.8553168273939464,0.3144464728680073
cn,midpoint,practical,10,11441,-0.00043140809690681015,0.0004754397381419445,-0.0402190663661229,0.022731131358148533,-0.09631874069458113,0.09330144550739868
cn,midpoint,practical,11,11159,0.0016687497755979025,-0.0025904810594763773,-0.0402190663661229,0.022731131358148533,0.42559920841833887,-0.5096867409740519
cn,midpoint,practical,12,10654,-0.0010551993292844813,0.007905438430524065,-0.0402190663661229,0.022731131358148533,-0.25133939173206377,1.5545921091668669
cn,midpoint,practical,13,7202,0.0019312272266319777,-0.003466911003763822,-0.0402190663661229,0.022731131358148533,0.490828444146561,-0.6820580896059076
cn,midpoint,practical,14,10858,-0.0013518170962702261,0.0003766712828213066,-0.0402190663661229,0.022731131358148533,-0.3250529628128047,0.07387621710566362
cn,midpoint,practical,15,9483,0.0030969883251647165,0.0002983094950511321,-0.0402190663661229,0.022731131358148533,0.7805360178806239,0.05846445815426224
cn,midpoint,practical,16,6732,0.000429523790363838,-0.007326308319345991,-0.0402190663661229,0.022731131358148533,0.11763460577185411,-1.4411028079306831
cn,midpoint,practical,17,7179,0.003995012993111939,0.0015999189828653365,-0.0402190663661229,0.022731131358148533,1.0037074275560522,0.31445774577403063
cn,midpoint,practical,18,11680,-0.006996874914427395,0.006457630461092809,-0.0402190663661229,0.022731131358148533,-1.7279270217818328,1.2698453203591065
cn,midpoint,practical,19,11516,-0.004252419526624342,-0.002388132107479214,-0.0402190663661229,0.022731131358148533,-1.0458923299204195,-0.46988987874069776
cn,midpoint,practical,20,11096,0.00045727695086965336,-0.0033591263178136405,-0.0402190663661229,0.022731131358148533,0.1245316456573946,-0.6608595992985061
cn,midpoint,practical,21,11020,0.0007969204437394892,-0.004220539849115922,-0.0402190663661229,0.022731131358148533,0.20893769795895822,-0.8302776036559717
cn,midpoint,practical,22,10456,-0.00101196544305375,-0.0037390438022825434,-0.0402190663661229,0.022731131358148533,-0.24059517981869297,-0.7355796491936167
cn,midpoint,practical,23,11341,-0.007185274036801151,0.009197930092373463,-0.0402190663661229,0.022731131358148533,-1.7747467798825487,1.8087921536776015
cn,midpoint,practical,24,10888,0.0034659965156521796,-4.186826093615509e-05,-0.0402190663661229,0.022731131358148533,0.8722395990763534,-0.008439803796486166
cn,midpoint,practical,25,10658,-0.0020954407188743668,-0.005713755678802359,-0.0402190663661229,0.022731131358148533,-0.5098536014231777,-1.123954956922065
cn,midpoint,practical,26,8500,-0.00041646127639684977,0.003687527793026918,-0.0402190663661229,0.022731131358148533,-0.09260425141334737,0.7250369921459194
cn,midpoint,practical,27,11079,-0.0031140164574451693,0.004872705963519571,-0.0402190663661229,0.022731131358148533,-0.7629836005774951,0.9581312182713705
cn,midpoint,practical,28,9753,-0.005894752054421519,0.004254612501518349,-0.0402190663661229,0.022731131358148533,-1.4540344205181428,0.836568046770762
cn,midpoint,practical,29,11397,-0.0007031000348809366,-0.0008476752802304421,-0.0402190663661229,0.022731131358148533,-0.16383790242733917,-0.1669214298044827
cn,midpoint,practical,30,8710,0.009557650607884847,-0.01821714820515271,-0.0402190663661229,0.022731131358148533,2.3860989389609393,-3.583052396812391
cn,midpoint,practical,31,10957,-0.0013355739008988066,-0.0036409695505892348,-0.0402190663661229,0.022731131358148533,-0.32101630665172237,-0.7162909528858018
cn,midpoint,practical,32,10097,0.004239131091502958,-0.0006605815173490702,-0.0402190663661229,0.022731131358148533,1.0643741131046172,-0.13012487300188477
cn,midpoint,practical,33,11192,0.0022318527792384996,-0.001793667086786837,-0.0402190663661229,0.022731131358148533,0.5655380047569775,-0.3529738171671532
cn,midpoint,practical,34,10997,0.0012060245324398144,-0.0034240554220398775,-0.0402190663661229,0.022731131358148533,0.31060565813641616,-0.6736294930405942
cn,midpoint,practical,35,11309,0.002585927619866951,-0.00158012400438216,-0.0402190663661229,0.022731131358148533,0.6535304443124332,-0.31097535585827596
cn,midpoint,practical,36,11428,0.0010906957839864964,-0.0023504566526421945,-0.0402190663661229,0.022731131358148533,0.2819448871274593,-0.46248008061261625
cn,midpoint,practical,37,11014,-0.00038110605117034485,0.0009697420482861555,-0.0402190663661229,0.022731131358148533,-0.08381799449322556,0.1905180643447111
cn,midpoint,practical,38,10607,-0.0042928473799295,0.004930757603333134,-0.0402190663661229,0.022731131358148533,-1.0559392042817748,0.969548490707321
cn,midpoint,practical,39,9920,0.006804679162835302,-0.0023171736395138295,-0.0402190663661229,0.022731131358148533,1.7019478904242455,-0.45593416339828335
cn,midpoint,practical,40,11338,0.0035049604792875833,-0.004369819677455963,-0.0402190663661229,0.022731131358148533,0.8819226768373823,-0.8596371269153293
cn,midpoint,practical,41,10555,0.002677654304873371,0.004686609213724421,-0.0402190663661229,0.022731131358148533,0.6763257798175597,0.9215307484365854
cn,midpoint,practical,42,11065,-0.0047799368114792365,0.0036750725655720767,-0.0402190663661229,0.022731131358148533,-1.1769875885376808,0.7225873675434042
cn,midpoint,practical,43,10993,-0.0006455884889566693,0.005662056562339857,-0.0402190663661229,0.022731131358148533,-0.14954549684579652,1.1133762873711448
cn,midpoint,practical,44,11609,-0.014075185067278118,0.010786602918433526,-0.0402190663661229,0.022731131358148533,-3.4869838843762033,2.121243456086482
cn,midpoint,practical,45,11509,-0.0023246442987202715,0.0015563988456323806,-0.0402190663661229,0.022731131358148533,-0.5668138251704739,0.30589844814119244
cn,midpoint,practical,46,9803,-0.002487377686935327,0.006286906736901861,-0.0402190663661229,0.022731131358148533,-0.6072552973766105,1.2362683313777771
cn,midpoint,practical,47,10095,0.004706124569494867,-0.004693182013611182,-0.0402190663661229,0.022731131358148533,1.1804283781070688,-0.9232342259682822
cn,midpoint,practical,48,10931,0.004864725965950334,1.533318527394828e-05,-0.0402190663661229,0.022731131358148533,1.2198429938596265,0.002810257307877814
cn,midpoint,practical,49,11367,0.004128291734973991,-0.006601580870510448,-0.0402190663661229,0.022731131358148533,1.0368290173773127,-1.2985674592008185
cn,midpoint,feminine,0,7342,-0.022492400594724432,0.018130403595771005,-0.15830803432078097,0.3104056743070019,-1.3696724678269616,0.738296555891994
cn,midpoint,feminine,1,11393,-0.03313750973528187,0.007891866150946447,-0.15830803432078097,0.3104056743070019,-2.020255751082533,0.3174933813846603
cn,midpoint,feminine,2,9209,-0.014261170836963544,0.021563648257129975,-0.15830803432078097,0.3104056743070019,-0.8666151097175624,0.8794026718920382
cn,midpoint,feminine,3,11090,0.02410186728356828,-0.026420179669161825,-0.15830803432078097,0.3104056743070019,1.477968770688503,-1.0927293074273217
cn,midpoint,feminine,4,11167,0.01005817591717792,0.019139785076201732,-0.15830803432078097,0.3104056743070019,0.6196787599863942,0.7797820643001181
cn,midpoint,feminine,5,9617,0.00042970879139120344,-0.006379455985923377,-0.15830803432078097,0.3104056743070019,0.031228263828810318,-0.26905696254627515
cn,midpoint,feminine,6,7789,-0.03309505482621369,0.0041803974914716435,-0.15830803432078097,0.3104056743070019,-2.0176610896500202,0.1649522784773361
cn,midpoint,feminine,7,10207,0.01668640639964525,-0.013209091041886334,-0.15830803432078097,0.3104056743070019,1.0247676973115065,-0.5497544867545318
cn,midpoint,feminine,8,10168,-0.0030721490937115348,0.007075435883552583,-0.15830803432078097,0.3104056743070019,-0.18279022769651457,0.2839381543676539
cn,midpoint,feminine,9,9372,0.007019343633318825,-0.020358067324972418,-0.15830803432078097,0.3104056743070019,0.433958401614141,-0.8435769131129882
cn,midpoint,feminine,10,11186,-0.000537323607025797,0.00016198011893192588,-0.15830803432078097,0.3104056743070019,-0.027872596901650615,-0.00020439511718111186
cn,midpoint,feminine,11,11124,0.0162416790635016,0.00017159730529725525,-0.15830803432078097,0.3104056743070019,0.997587875415694,0.00019087057131865744
cn,midpoint,feminine,12,10524,-0.011955487906253226,0.022365152686533052,-0.15830803432078097,0.3104056743070019,-0.7257016863414921,0.9123444480091918
cn,midpoint,feminine,13,7148,-0.010013068222653382,-0.014753526764399116,-0.15830803432078097,0.3104056743070019,-0.6069893501380081,-0.6132306871745853
cn,midpoint,feminine,14,10907,0.02862029740551325,-0.036331572041231386,-0.15830803432078097,0.3104056743070019,1.7541157847849593,-1.5000868422735607
cn,midpoint,feminine,15,9242,0.0014897732312566803,-0.030104355296618923,-0.15830803432078097,0.3104056743070019,0.09601484277731377,-1.2441486686233054
cn,midpoint,feminine,16,6667,-0.009985104895788743,0.11665671538032577,-0.15830803432078097,0.3104056743070019,-0.6052803518776678,4.787721094784267
cn,midpoint,feminine,17,7163,-0.0026715975417208604,0.012079329924075066,-0.15830803432078097,0.3104056743070019,-0.15831023971646072,0.48959785024683133
cn,midpoint,feminine,18,11429,-0.007204095688154444,0.024200877866941528,-0.15830803432078097,0.3104056743070019,-0.4353170309593862,0.9877926248217317
cn,midpoint,feminine,19,11205,-0.02276877767872934,0.005575476496212428,-0.15830803432078097,0.3104056743070019,-1.3865634464307843,0.22228992821950716
cn,midpoint,feminine,20,11068,-0.0028724028208926,-0.006914536008449046,-0.15830803432078097,0.3104056743070019,-0.17058259466309686,-0.29104871413263816
cn,midpoint,feminine,21,10930,-0.010019474070053158,0.015698519532723443,-0.15830803432078097,0.3104056743070019,-0.6073808479778473,0.6383462906046903
cn,midpoint,feminine,22,10266,0.003383304516049873,-0.004708283967216731,-0.15830803432078097,0.3104056743070019,0.21173933032760173,-0.20037190919668163
cn,midpoint,feminine,23,11077,0.007261958408154856,0.009822379632522416,-0.15830803432078097,0.3104056743070019,0.4487859731021371,0.3968373507605806
cn,midpoint,feminine,24,10656,-0.011445813957953882,0.012111870944551573,-0.15830803432078097,0.3104056743070019,-0.6945526068631905,0.4909352839176086
cn,midpoint,feminine,25,10550,-0.0010338611079910576,-0.0023318700724314634,-0.15830803432078097,0.3104056743070019,-0.05821883322220933,-0.1027014639540884
cn,midpoint,feminine,26,8463,-0.0023778829919111344,-0.01949402559537189,-0.15830803432078097,0.3104056743070019,-0.14035966977564962,-0.8080648583217543
cn,midpoint,feminine,27,10769,0.0027572223237277427,0.009981349928039285,-0.15830803432078097,0.3104056743070019,0.17347587967711375,0.40337101881291376
cn,midpoint,feminine,28,9734,-0.009796972142683852,-0.002675639935849461,-0.15830803432078097,0.3104056743070019,-0.5937824872163685,-0.11683038135130604
cn,midpoint,feminine,29,11345,0.005834240484766301,0.006117408059899521,-0.15830803432078097,0.3104056743070019,0.3615299946150708,0.24456327766948416
cn,midpoint,feminine,30,8555,-0.01227448890538399,-0.005856765022825339,-0.15830803432078097,0.3104056743070019,-0.7451976553011332,-0.24757440043784318
cn,midpoint,feminine,31,10808,-0.0023293123773035773,0.00587264157353562,-0.15830803432078097,0.3104056743070019,-0.1373912427258288,0.23450339216044594
cn,midpoint,feminine,32,9935,0.017722471559235953,-0.01310884886167013,-0.15830803432078097,0.3104056743070019,1.088087543476835,-0.5456345401428371
cn,midpoint,feminine,33,11109,-0.0009979610987723153,0.006697463345035404,-0.15830803432078097,0.3104056743070019,-0.05602477907414528,0.26840350941062213
cn,midpoint,feminine,34,10815,0.00037237480626176045,0.009015065670583022,-0.15830803432078097,0.3104056743070019,0.02772425726625423,0.3636568032615905
cn,midpoint,feminine,35,11125,0.001057869847430143,0.014178053145490477,-0.15830803432078097,0.3104056743070019,0.06961876568792981,0.5758552281919872
cn,midpoint,feminine,36,11151,-0.03795767650600179,0.030496186758733834,-0.15830803432078097,0.3104056743070019,-2.3148436113033966,1.2465293809694102
cn,midpoint,feminine,37,10931,0.009516717953380827,-0.0076154058991486084,-0.15830803432078097,0.3104056743070019,0.5865871781922838,-0.31985441773164835
cn,midpoint,feminine,38,10446,0.01855591654979538,-0.01955589727961715,-0.15830803432078097,0.3104056743070019,1.1390241164336312,-0.8106077802266483
cn,midpoint,feminine,39,9825,0.0121422621252677,-0.018872796061393082,-0.15830803432078097,0.3104056743070019,0.7470491448217067,-0.7825323678264311
cn,midpoint,feminine,40,11270,0.010029405667709268,-0.022835843225054164,-0.15830803432078097,0.3104056743070019,0.617920446087283,-0.9454133296999309
cn,midpoint,feminine,41,10259,-0.01030001227459204,-0.0030608263587162954,-0.15830803432078097,0.3104056743070019,-0.6245261363706324,-0.13266151645170274
cn,midpoint,feminine,42,10990,0.008147618427614772,0.0018466815035040884,-0.15830803432078097,0.3104056743070019,0.5029137040347532,0.0690367142253666
cn,midpoint,feminine,43,10702,0.01152853617702132,0.006634819913242496,-0.15830803432078097,0.3104056743070019,0.7095408546616717,0.2658288687353747
cn,midpoint,feminine,44,11642,0.05533071088415614,-0.062108380500133675,-0.15830803432078097,0.3104056743070019,3.386541368083336,-2.559511871153693
cn,midpoint,feminine,45,11330,-0.010462458358799082,0.0020287173297210415,-0.15830803432078097,0.3104056743070019,-0.6344541423140165,0.07651837397989336
cn,midpoint,feminine,46,9700,0.0023221225597478135,-0.018987339071470932,-0.15830803432078097,0.3104056743070019,0.14688445358122657,-0.787240077547486
cn,midpoint,feminine,47,9967,0.0176761392801196,-0.0005954896194296788,-0.15830803432078097,0.3104056743070019,1.0852559138645668,-0.031336348505399104
cn,midpoint,feminine,48,10791,0.007798085958052509,-0.029525139303361425,-0.15830803432078097,0.3104056743070019,0.4815517829262264,-1.220342931719801
cn,midpoint,feminine,49,11230,-0.01708519219235824,0.004457173564462569,-0.15830803432078097,0.3104056743070019,-1.039207148100395,0.17632775576302281
cn,midpoint,strong,0,7712,0.008775512344942157,0.0018285037752581688,-0.009104861242254972,0.02006698357453736,1.6617970724739068,0.2653744134351549
cn,midpoint,strong,1,11665,0.009475176773446139,-0.006941844380694853,-0.009104861242254972,0.02006698357453736,1.7930416299522995,-1.058175903861961
cn,midpoint,strong,2,9468,-0.0030600311454934094,0.0005810956631159721,-0.009104861242254972,0.02006698357453736,-0.5583396168242074,0.0771256263554594
cn,midpoint,strong,3,11261,-0.00436429240136905,-0.0014254743874608893,-0.009104861242254972,0.02006698357453736,-0.8029957468058633,-0.22568976704682275
cn,midpoint,strong,4,11433,0.0006521701868333549,0.0038595593208760465,-0.009104861242254972,0.02006698357453736,0.13800308874061218,0.5718849605707261
cn,midpoint,strong,5,9842,-0.003305767375531783,0.007366475830666583,-0.009104861242254972,0.02006698357453736,-0.6044353470827185,1.1011205595152453
cn,midpoint,strong,6,8145,-0.006434272789969445,-0.010181808195501806,-0.009104861242254972,0.02006698357453736,-1.1912871176730393,-1.5471251518126468
cn,midpoint,strong,7,10269,-0.0043927947208832144,0.0020093315855445743,-0.009104861242254972,0.02006698357453736,-0.8083422731681408,0.2926634903822613
cn,midpoint,strong,8,10298,-0.005613616839099643,0.005335663645825229,-0.009104861242254972,0.02006698357453736,-1.037346710349182,0.7946467384283166
cn,midpoint,strong,9,9695,-0.0018512598442340135,0.004806407490812729,-0.009104861242254972,0.02006698357453736,-0.3315956977920746,0.714775661540363
cn,midpoint,strong,10,11610,0.008537868595722267,0.017321060519271517,-0.009104861242254972,0.02006698357453736,1.6172193471627034,2.6033863178273657
cn,midpoint,strong,11,11332,0.0027121457866345292,0.0017079453795978347,-0.009104861242254972,0.02006698357453736,0.5244177398188085,0.24718071120216442
cn,midpoint,strong,12,10715,0.010254375230569594,-0.007431351107255377,-0.009104861242254972,0.02006698357453736,1.9392053514833167,-1.1320483171045856
cn,midpoint,strong,13,7264,0.002778295050628033,-0.003246233226714648,-0.009104861242254972,0.02006698357453736,0.5368261609513677,-0.5004640287481787
cn,midpoint,strong,14,11109,-0.0013657283593637862,0.001205187100074983,-0.009104861242254972,0.02006698357453736,-0.24051865817485008,0.17130848029938625
cn,midpoint,strong,15,9650,-0.004725346494504453,0.004077543500226866,-0.009104861242254972,0.02006698357453736,-0.8707230497082556,0.6047813775219386
cn,midpoint,strong,16,6807,-0.0021365066516596384,0.0064538666604350495,-0.009104861242254972,0.02006698357453736,-0.38510290708774825,0.9633969326591858
cn,midpoint,strong,17,7258,0.015658794781235445,-0.011347963071161878,-0.009104861242254972,0.02006698357453736,2.9529779879904146,-1.7231118547635225
cn,midpoint,strong,18,11747,-0.0030715006161312498,0.008323033902142106,-0.009104861242254972,0.02006698357453736,-0.5604910847809155,1.2454766006326317
cn,midpoint,strong,19,11564,-0.003212613280840655,0.0007347413214395075,-0.009104861242254972,0.02006698357453736,-0.5869613017590497,0.10031259182243543
cn,midpoint,strong,20,11162,-0.0016917410333021129,-0.003836210732034967,-0.009104861242254972,0.02006698357453736,-0.3016728163401736,-0.5894986828439621
cn,midpoint,strong,21,11200,-0.00041690191341303,0.0062393900416089255,-0.009104861242254972,0.02006698357453736,-0.06253575387189911,0.9310298484964612
cn,midpoint,strong,22,10635,0.001235152039215353,-0.003330016994467628,-0.009104861242254972,0.02006698357453736,0.2473600777723528,-0.5131080002783778
cn,midpoint,strong,23,11420,0.0031510454121809334,0.0055387172666666925,-0.009104861242254972,0.02006698357453736,0.6067474750254943,0.8252899557230173
cn,midpoint,strong,24,11027,-0.004569292466766403,0.0009553733620069511,-0.009104861242254972,0.02006698357453736,-0.8414500997356609,0.13360860266560112
cn,midpoint,strong,25,10892,-0.0024785742658860197,-0.0006071587660415462,-0.009104861242254972,0.02006698357453736,-0.4492686854635678,-0.10219616324460679
cn,midpoint,strong,26,8687,-0.006479720455136168,0.002888254493178411,-0.009104861242254972,0.02006698357453736,-1.1998122883980773,0.4253034577578848
cn,midpoint,strong,27,11137,-0.0027543966538809824,0.004313640211572694,-0.009104861242254972,0.02006698357453736,-0.5010080419039623,0.6404111919441255
cn,midpoint,strong,28,9873,0.0025665786953142124,-0.00085028802489873,-0.009104861242254972,0.02006698357453736,0.4971119519218852,-0.1388872731050763
cn,midpoint,strong,29,11446,-0.00034362400420916844,0.004429481067243231,-0.009104861242254972,0.02006698357453736,-0.048790126147239224,0.6578929610315521
cn,midpoint,strong,30,8847,-0.0051333739102567095,0.006713926112654839,-0.009104861242254972,0.02006698357453736,-0.9472617094396933,1.002643010965437
cn,midpoint,strong,31,11041,0.004669424597654303,-0.0025744284622319404,-0.009104861242254972,0.02006698357453736,0.8915683065031669,-0.39908066364319544
cn,midpoint,strong,32,10174,0.004485284124862515,-0.004271519260846377,-0.009104861242254972,0.02006698357453736,0.8570268407935341,-0.6551919405328727
cn,midpoint,strong,33,11260,0.0015916221223741985,-0.004493402213951888,-0.009104861242254972,0.02006698357453736,0.31422750222967927,-0.6886767290228579
cn,midpoint,strong,34,11195,0.0019745330820475967,0.0017748076479481775,-0.009104861242254972,0.02006698357453736,0.3860547631401942,0.2572710263090092
cn,midpoint,strong,35,11505,0.0014688184410930564,0.006114144285723853,-0.009104861242254972,0.02006698357453736,0.2911917237195112,0.9121287676050159
cn,midpoint,strong,36,11643,-0.008761248200548691,0.006694205496675655,-0.009104861242254972,0.02006698357453736,-1.6277861671925136,0.9996669344092484
cn,midpoint,strong,37,11199,-0.0005214131293101061,0.0012468766354764953,-0.009104861242254972,0.02006698357453736,-0.08214019240433831,0.17759992926212645
cn,midpoint,strong,38,10753,-0.002479469710426692,0.003524347810179261,-0.009104861242254972,0.02006698357453736,-0.44943665487533035,0.5212975387882479
cn,midpoint,strong,39,9935,0.008143438387284607,-0.01561380120365391,-0.009104861242254972,0.02006698357453736,1.5432312808075246,-2.366877793515408
cn,midpoint,strong,40,11387,0.0048931590612707465,-0.006641084041934923,-0.009104861242254972,0.02006698357453736,0.933536898121854,-1.0127875755176754
cn,midpoint,strong,41,10752,0.00016877874705193557,-0.00047023578941084165,-0.009104861242254972,0.02006698357453736,0.047327483381328944,-0.08153285023327264
cn,midpoint,strong,42,11285,-0.0008336879283041883,0.0015778516242625738,-0.009104861242254972,0.02006698357453736,-0.14071737045705834,0.22754800927396515
cn,midpoint,strong,43,10991,-0.009969954917928176,0.003819691628650368,-0.009104861242254972,0.02006698357453736,-1.8545179714416247,0.5658684495090319
cn,midpoint,strong,44,11782,-0.0028312338765389515,-0.0006912132481475368,-0.009104861242254972,0.02006698357453736,-0.5154213332973471,-0.11488098880493709
cn,midpoint,strong,45,11647,-0.010511176493672376,-0.02379196254218563,-0.009104861242254972,0.02006698357453736,-1.956041478014893,-3.6010600451257444
cn,midpoint,strong,46,10036,0.005428127931865451,-0.005399530697279015,-0.009104861242254972,0.02006698357453736,1.033887508822535,-0.8254223427993788
cn,midpoint,strong,47,10292,0.002311690112100029,-0.0018807553473901527,-0.009104861242254972,0.02006698357453736,0.44929940358100634,-0.2943971032048173
cn,midpoint,strong,48,11122,-0.0002903376115951442,-0.0018480836123111362,-0.009104861242254972,0.02006698357453736,-0.03879455007772105,-0.2894665480476509
cn,midpoint,strong,49,11443,-0.001508312214023812,-0.0010651626599796626,-0.009104861242254972,0.02006698357453736,-0.2672648441263516,-0.1713144226758069
cn,midpoint,young,0,7672,0.0035676501658858523,-0.04525082544818519,-0.049387888646015156,-0.040894412690548866,0.4150601655757175,-2.907517777332724
cn,midpoint,young,1,11831,-0.0004965582870528826,-0.002212209004413712,-0.049387888646015156,-0.040894412690548866,-0.04316011261799258,-0.1400399571256756
cn,midpoint,young,2,9473,0.0012808510671208709,-0.014825856210719066,-0.049387888646015156,-0.040894412690548866,0.15723438440754592,-0.9511252512120407
cn,midpoint,young,3,11311,0.016143333027919725,-0.011784097395949548,-0.049387888646015156,-0.040894412690548866,1.8329089216724554,-0.7555334606327186
cn,midpoint,young,4,11598,-0.0024142793085300193,0.006035701442755857,-0.049387888646015156,-0.040894412690548866,-0.2593740864174378,0.390318848794981
cn,midpoint,young,5,10037,0.010812694296195094,0.00012209799977731806,-0.049387888646015156,-0.040894412690548866,1.231904620125168,0.010061124029955843
cn,midpoint,young,6,8135,-1.5076480725816077e-05,0.024780166310123607,-0.049387888646015156,-0.040894412690548866,0.011124683497932478,1.5956292202346232
cn,midpoint,young,7,10366,-0.0029184637903479846,0.006248403274639963,-0.049387888646015156,-0.040894412690548866,-0.31621850180477573,0.40399604501307324
cn,midpoint,young,8,10397,-0.0129833005554328,0.0034277290381904205,-0.049387888646015156,-0.040894412690548866,-1.4509812374948405,0.2226204797087833
cn,midpoint,young,9,9705,-0.003166485095507099,-0.007672027863569318,-0.049387888646015156,-0.040894412690548866,-0.3441817307493443,-0.49111833379240477
cn,midpoint,young,10,11573,-0.005066260064648262,-0.0033502025106178224,-0.049387888646015156,-0.040894412690548866,-0.5583723720378986,-0.21321544574934165
cn,midpoint,young,11,11376,-0.00010097369172869242,-0.011656391477393991,-0.049387888646015156,-0.040894412690548866,0.0014401792758762452,-0.7473216888260341
cn,midpoint,young,12,10874,-0.013528895225501644,0.01614726922308577,-0.049387888646015156,-0.040894412690548866,-1.5124944557253621,1.0405149255239534
cn,midpoint,young,13,7231,0.02092381553003512,0.005540084483416675,-0.049387888646015156,-0.040894412690548866,2.371885710728531,0.35844958682459205
cn,midpoint,young,14,11133,0.004045320039082652,0.00013135811966343003,-0.049387888646015156,-0.040894412690548866,0.4689151842627452,0.01065657013196412
cn,midpoint,young,15,9692,-0.004760230178887284,0.002419193679169193,-0.049387888646015156,-0.040894412690548866,-0.5238689500277435,0.15776943505142826
cn,midpoint,young,16,6834,-0.02801690651933801,-0.05309223327826612,-0.049387888646015156,-0.040894412690548866,-3.14594919664423,-3.4117375697439964
cn,midpoint,young,17,7367,-0.008684680107756339,0.016417548833971923,-0.049387888646015156,-0.040894412690548866,-0.9663321157306202,1.057894499733985
cn,midpoint,young,18,11829,-0.01651447020949616,0.03574065818182375,-0.049387888646015156,-0.040894412690548866,-1.84910391254221,2.300412985603074
cn,midpoint,young,19,11748,-0.0028025122802935454,-0.006129694951273669,-0.049387888646015156,-0.040894412690548866,-0.303145517530136,-0.39194293089045423
cn,midpoint,young,20,11138,-0.004908207359263617,0.0064672355883305666,-0.049387888646015156,-0.040894412690548866,-0.5405526771405432,0.41806744471233054
cn,midpoint,young,21,11249,0.002886712998375701,0.0007079174447052125,-0.049387888646015156,-0.040894412690548866,0.3382877209676353,0.04773060447438535
cn,midpoint,young,22,10686,0.00531193740726147,-1.6483802156852523e-05,-0.049387888646015156,-0.040894412690548866,0.611720301060388,0.0011500089703395074
cn,midpoint,young,23,11535,-0.00017499905855097864,0.003457493345520944,-0.049387888646015156,-0.040894412690548866,-0.006905830672056597,0.22453439021932833
cn,midpoint,young,24,11041,0.0029477987345450513,-0.0019094719710586183,-0.049387888646015156,-0.040894412690548866,0.34517484876762494,-0.12057329917071823
cn,midpoint,young,25,10868,0.0013296277205183393,-0.009140995716786955,-0.049387888646015156,-0.040894412690548866,0.16273372135050837,-0.5855762018255977
cn,midpoint,young,26,8704,0.00410494172413272,0.016636184865892405,-0.049387888646015156,-0.040894412690548866,0.4756372472244187,1.071953278083157
cn,midpoint,young,27,11089,-0.006140615996369822,0.011712812020967196,-0.049387888646015156,-0.040894412690548866,-0.6795009213268877,0.7553695615331322
cn,midpoint,young,28,9982,-0.010298124389300077,0.007215695547656276,-0.049387888646015156,-0.040894412690548866,-1.148240326419086,0.4661950684116916
cn,midpoint,young,29,11525,-0.0005740079625756941,-0.005654950705345871,-0.049387888646015156,-0.040894412690548866,-0.051892197173944436,-0.36141583035987385
cn,midpoint,young,30,8872,0.010663974577277864,-0.045703741978991505,-0.049387888646015156,-0.040894412690548866,1.215137175304303,-2.9366413077103592
cn,midpoint,young,31,11101,0.004922126223068431,-0.0079504133943082,-0.049387888646015156,-0.040894412690548866,0.5677709339616609,-0.5090191365004324
cn,midpoint,young,32,10183,0.008593891390533015,-0.004698534884834196,-0.049387888646015156,-0.040894412690548866,0.9817450880877949,-0.29991618681024396
cn,midpoint,young,33,11340,0.004964893586009017,-0.0013793980603859501,-0.049387888646015156,-0.040894412690548866,0.5725927518312824,-0.08648837934590077
cn,midpoint,young,34,11068,0.0012723478549423184,0.0036492320757537597,-0.049387888646015156,-0.040894412690548866,0.15627568745705386,0.23686361283472615
cn,midpoint,young,35,11459,0.009275557810672574,0.0078100639240780145,-0.049387888646015156,-0.040894412690548866,1.0585997524802682,0.5044142639782742
cn,midpoint,young,36,11629,-0.006242502101569694,0.0018582279313890115,-0.049387888646015156,-0.040894412690548866,-0.6909880977375862,0.12169810206827458
cn,midpoint,young,37,11255,0.005254555952438948,-0.006557000156018941,-0.049387888646015156,-0.040894412690548866,0.6052508134599368,-0.4194195965991799
cn,midpoint,young,38,10787,-0.0022310956222335795,0.01026263684928462,-0.049387888646015156,-0.040894412690548866,-0.2387209922990468,0.6621201043092979
cn,midpoint,young,39,10019,0.0009086172088500141,0.010834500800451285,-0.049387888646015156,-0.040894412690548866,0.11526677766073688,0.6988922157710442
cn,midpoint,young,40,11487,0.004130998777520517,-0.0028356557970552684,-0.049387888646015156,-0.040894412690548866,0.4785750567365345,-0.18012895889386382
cn,midpoint,young,41,10736,0.022530063214671846,0.0067683702606079685,-0.049387888646015156,-0.040894412690548866,2.552982539157705,0.43743106732115244
cn,midpoint,young,42,11267,0.0018374337027613277,-0.0005293732263706649,-0.049387888646015156,-0.040894412690548866,0.21998644378002885,-0.03182991053020721
cn,midpoint,young,43,11110,-0.0012003796677532222,-0.0021057588672065905,-0.049387888646015156,-0.040894412690548866,-0.12251264401435705,-0.13319497887077306
cn,midpoint,young,44,11808,-0.01560874292185891,0.012590702389423114,-0.049387888646015156,-0.040894412690548866,-1.7469874452117309,0.8118198455809306
cn,midpoint,young,45,11797,0.0032007650435554244,0.017114332611211834,-0.049387888646015156,-0.040894412690548866,0.37369560350513215,1.1026992311200612
cn,midpoint,young,46,10052,0.0006168782435494249,0.01076024387076139,-0.049387888646015156,-0.040894412690548866,0.08237458933232582,0.694117331657798
cn,midpoint,young,47,10347,-0.0023617518684644484,-0.0029513793118220444,-0.049387888646015156,-0.040894412690548866,-0.25345186601994674,-0.18757023574838044
cn,midpoint,young,48,11106,-0.004996198756640029,0.0047710707934739485,-0.049387888646015156,-0.040894412690548866,-0.5504732909701117,0.3090003129815879
cn,midpoint,young,49,11488,-0.0010084406116300584,-0.0039386470726841954,-0.049387888646015156,-0.040894412690548866,-0.10087242336342084,-0.2510537270070054
cn,midpoint,charismatic,0,7585,0.004127887787270558,-0.006589842289508624,0.0064593372261343195,-0.0482220196643324,1.1214030629023692,-1.086216039076522
cn,midpoint,charismatic,1,11564,0.0031988632863985955,-0.0023551756186311265,0.0064593372261343195,-0.0482220196643324,0.8651884268989207,-0.387262217001522
cn,midpoint,charismatic,2,9427,0.004182177570413699,-0.010256360160942495,0.0064593372261343195,-0.0482220196643324,1.1363755819410712,-1.6913939383358172
cn,midpoint,charismatic,3,11151,-0.0023575550111356773,-0.0008743600568362833,0.0064593372261343195,-0.0482220196643324,-0.6672100085023538,-0.14284588458446093
cn,midpoint,charismatic,4,11307,-0.0031525741446211423,0.0019789865387097733,0.0064593372261343195,-0.0482220196643324,-0.8864674529621838,0.32811385408331467
cn,midpoint,charismatic,5,9814,0.005255630859969791,-0.00568028340229846,0.0064593372261343195,-0.0482220196643324,1.4324220732792192,-0.9360886004778916
cn,midpoint,charismatic,6,8020,-0.004228090323173394,0.010321183788659885,0.0064593372261343195,-0.0482220196643324,-1.1830828661670536,1.7050370231383039
cn,midpoint,charismatic,7,10242,-0.006151356701589319,0.003704513171768578,0.0064593372261343195,-0.0482220196643324,-1.7134983661038203,0.6129210252269032
cn,midpoint,charismatic,8,10275,-0.00647802685925078,0.002573533368920987,0.0064593372261343195,-0.0482220196643324,-1.8035903663254116,0.4262469095694959
cn,midpoint,charismatic,9,9495,-0.002119482084614345,-0.012531676325303415,0.0064593372261343195,-0.0482220196643324,-0.6015521403259088,-2.0669467393263017
cn,midpoint,charismatic,10,11405,-0.0012924289693544595,0.011406560696937233,0.0064593372261343195,-0.0482220196643324,-0.37346007958591537,1.8841841431819217
cn,midpoint,charismatic,11,11265,0.008687301082746526,-0.004210271064989342,0.0064593372261343195,-0.0482220196643324,2.3788385953272115,-0.6934553966118829
cn,midpoint,charismatic,12,10622,-0.004739386599828672,0.012750894612437932,0.0064593372261343195,-0.0482220196643324,-1.324092698835832,2.1060734679890514
cn,midpoint,charismatic,13,7122,0.002274927719084891,0.005944541023627792,0.0064593372261343195,-0.0482220196643324,0.6103772622334734,0.982649306174932
cn,midpoint,charismatic,14,10781,-0.0007103377462579063,-0.0014693293296462323,0.0064593372261343195,-0.0482220196643324,-0.21292578721095032,-0.24104866642502656
cn,midpoint,charismatic,15,9587,-0.004606740059690992,-0.002473924677199084,0.0064593372261343195,-0.0482220196643324,-1.2875102567510495,-0.40686236851396274
cn,midpoint,charismatic,16,6812,-0.0010434722739892897,-0.01741335478135993,0.0064593372261343195,-0.0482220196643324,-0.3048005888795455,-2.8726932313624376
cn,midpoint,charismatic,17,7217,-0.0011637108741155274,0.0028491903209593578,0.0064593372261343195,-0.0482220196643324,-0.337961058959714,0.47174552733173863
cn,midpoint,charismatic,18,11665,-0.0013346442813524607,-0.0016588737489311653,0.0064593372261343195,-0.0482220196643324,-0.3851025936285354,-0.2723339614928288
cn,midpoint,charismatic,19,11533,-0.0005448503851269507,-0.0004544544374014761,0.0064593372261343195,-0.0482220196643324,-0.16728621155331908,-0.07353827186652495
cn,midpoint,charismatic,20,10922,0.0007667470311021529,-0.003571240029060063,0.0064593372261343195,-0.0482220196643324,0.19443778417208288,-0.5879799909420521
cn,midpoint,charismatic,21,11058,0.004566724770671803,0.0025667369098529777,0.0064593372261343195,-0.0482220196643324,1.2424294275046708,0.42512511854994983
cn,midpoint,charismatic,22,10494,0.0048015092057927065,0.003678213728356264,0.0064593372261343195,-0.0482220196643324,1.307180366287574,0.6085801649136466
cn,midpoint,charismatic,23,11165,0.004604559484019265,0.0029701932727872193,0.0064593372261343195,-0.0482220196643324,1.252863821107333,0.49171769568304724
cn,midpoint,charismatic,24,10817,-0.0015532670611515384,-0.001032705174170305,0.0064593372261343195,-0.0482220196643324,-0.44539632742749213,-0.16898157212951978
cn,midpoint,charismatic,25,10745,0.002960289490703146,-0.00036979720249362413,0.0064593372261343195,-0.0482220196643324,0.7993924245688432,-0.05956515367234064
cn,midpoint,charismatic,26,8568,-0.002444670978165391,0.008914117381950769,0.0064593372261343195,-0.0482220196643324,-0.6912356243624922,1.4727933734441758
cn,midpoint,charismatic,27,10911,-0.0015144065677532405,0.00024241033036326298,0.0064593372261343195,-0.0482220196643324,-0.43467903508308764,0.04148289290383958
cn,midpoint,charismatic,28,9768,-0.005632300199876437,-0.0015812130286782314,0.0064593372261343195,-0.0482220196643324,-1.5703483495792099,-0.259515654536301
cn,midpoint,charismatic,29,11305,0.0017144681188055516,0.0019341624051551903,0.0064593372261343195,-0.0482220196643324,0.45580873110708087,0.32071539703718216
cn,midpoint,charismatic,30,8796,0.0034924758725338903,-0.01682654405922989,0.0064593372261343195,-0.0482220196643324,0.9461635161587609,-2.7758370608666403
cn,midpoint,charismatic,31,10907,0.0020601952289743463,-0.0024490277831358404,0.0064593372261343195,-0.0482220196643324,0.5511564271100198,-0.40275300628647615
cn,midpoint,charismatic,32,10003,0.0036507158323791267,-0.0014348017158199167,0.0064593372261343195,-0.0482220196643324,0.9898043390594428,-0.23534970366675306
cn,midpoint,charismatic,33,11036,-0.0001432096657788635,-9.844712539146261e-05,0.0064593372261343195,-0.0482220196643324,-0.056518163331396164,-0.014777408083004647
cn,midpoint,charismatic,34,10961,0.004597273125265408,-0.0013275280675678972,0.0064593372261343195,-0.0482220196643324,1.2508543243134833,-0.2176436284827667
cn,midpoint,charismatic,35,11346,0.00218965182552517,0.004350236173827057,0.0064593372261343195,-0.0482220196643324,0.5868591181933906,0.7195009748116938
cn,midpoint,charismatic,36,11332,6.124534794039928e-05,0.0019425721724465328,0.0064593372261343195,-0.0482220196643324,-0.000131742015279996,0.3221034729940147
cn,midpoint,charismatic,37,11058,-0.002235696736218938,0.0013422302307618053,0.0064593372261343195,-0.0482220196643324,-0.6336028501093337,0.2230139041317939
cn,midpoint,charismatic,38,10693,0.0034903727385508657,-0.0003148171041054068,0.0064593372261343195,-0.0482220196643324,0.945583495171778,-0.050490401656843514
cn,midpoint,charismatic,39,9850,-0.0011359827786115136,0.007474153823629967,0.0064593372261343195,-0.0482220196643324,-0.3303139582751123,1.2351198772847995
cn,midpoint,charismatic,40,11395,0.0027627399103351004,1.8121938434936813e-05,0.0064593372261343195,-0.0482220196643324,0.7449104450525585,0.004462923926476314
cn,midpoint,charismatic,41,10558,-0.0007488361597482798,-0.0070579651993337225,0.0064593372261343195,-0.0482220196643324,-0.22354322193940832,-1.1634821670750506
cn,midpoint,charismatic,42,11144,-0.002539802755783219,0.006117070797297272,0.0064593372261343195,-0.0482220196643324,-0.7174719117282568,1.0111262452354106
cn,midpoint,charismatic,43,11071,-0.005122449832410686,-0.0006436698968636453,0.0064593372261343195,-0.0482220196643324,-1.4297372826010468,-0.1047692703997236
cn,midpoint,charismatic,44,11682,-0.0045138798017669264,0.005587466334291469,0.0064593372261343195,-0.0482220196643324,-1.2619004292805467,0.9237122661962578
cn,midpoint,charismatic,45,11531,0.0026139668737308916,0.005525452774204194,0.0064593372261343195,-0.0482220196643324,0.7038804944055105,0.913476604640753
cn,midpoint,charismatic,46,9832,-0.0052648599317266865,0.0009186628889036874,0.0064593372261343195,-0.0482220196643324,-1.469012405835383,0.15310190502832444
cn,midpoint,charismatic,47,10211,0.004000038782789603,-0.001272981539224817,0.0064593372261343195,-0.0482220196643324,1.0861437278517367,-0.2086404394647234
cn,midpoint,charismatic,48,10959,0.002858187915857069,-0.0008795748478260673,0.0064593372261343195,-0.0482220196643324,0.7712339445610357,-0.14370661303770574
cn,midpoint,charismatic,49,11223,-0.003059779104539026,-0.00072883786696714,0.0064593372261343195,-0.0482220196643324,-0.8608756118479293,-0.11882668810194656
cn,midpoint,trustworthy,0,7663,-0.0018468149797141453,-0.006635900070824536,-0.03642552694181146,-0.010328732789241162,-0.43003592787209394,-2.026098342161871
cn,midpoint,trustworthy,1,11655,-0.0013566377588946632,-0.002211969600062166,-0.03642552694181146,-0.010328732789241162,-0.313496814453344,-0.6799317298262494
cn,midpoint,trustworthy,2,9459,-0.0027946097054678265,0.0010429039042570958,-0.03642552694181146,-0.010328732789241162,-0.6553731168537473,0.3105002102434052
cn,midpoint,trustworthy,3,11176,-5.329784574369806e-05,-0.0012955674079576929,-0.03642552694181146,-0.010328732789241162,-0.0036291349476480638,-0.4010778819560711
cn,midpoint,trustworthy,4,11401,-0.00036288684819418826,-0.0010257462084659313,-0.03642552694181146,-0.010328732789241162,-0.07723359133070437,-0.3189734518668783
cn,midpoint,trustworthy,5,9916,0.006567520986754026,-0.0027213810834858876,-0.03642552694181146,-0.010328732789241162,1.5704635076184572,-0.834941564510021
cn,midpoint,trustworthy,6,8074,0.002058689551033825,0.0034889836564270527,-0.03642552694181146,-0.010328732789241162,0.498493624572971,1.0548226889178811
cn,midpoint,trustworthy,7,10261,0.002039293741084719,0.003041661746505147,-0.03642552694181146,-0.010328732789241162,0.4938822913663228,0.9187062141941496
cn,midpoint,trustworthy,8,10370,-0.0015446100260398665,0.0015121648595446367,-0.03642552694181146,-0.010328732789241162,-0.35818702123976215,0.4532925607687393
cn,midpoint,trustworthy,9,9595,-0.005088810157571476,0.004999775380635228,-0.03642552694181146,-0.010328732789241162,-1.2008168366701704,1.514544511121731
cn,midpoint,trustworthy,10,11507,-0.0009293443435292245,0.0010809666081675051,-0.03642552694181146,-0.010328732789241162,-0.211908258964968,0.3220823862106915
cn,midpoint,trustworthy,11,11322,0.005634221318961345,-0.007310062231148825,-0.03642552694181146,-0.010328732789241162,1.3485725032655067,-2.231240488388283
cn,midpoint,trustworthy,12,10771,-0.002375415418608001,0.008268067064581303,-0.03642552694181146,-0.010328732789241162,-0.555710120561963,2.509059495789694
cn,midpoint,trustworthy,13,7186,0.013627231438855372,0.0005454832649009495,-0.03642552694181146,-0.010328732789241162,3.248902166407053,0.15913909337836343
cn,midpoint,trustworthy,14,10995,-0.004846552620989798,0.0024970448919090244,-0.03642552694181146,-0.010328732789241162,-1.1432203647552988,0.7529836670117562
cn,midpoint,trustworthy,15,9542,-0.0035038696107199674,0.0007561649766000076,-0.03642552694181146,-0.010328732789241162,-0.8239989057130608,0.22324785096245733
cn,midpoint,trustworthy,16,6736,-0.007257142966271737,-0.0012278904206706413,-0.03642552694181146,-0.010328732789241162,-1.716335658006376,-0.3804843167290861
cn,midpoint,trustworthy,17,7234,0.0017122741858440135,0.0010137021406193356,-0.03642552694181146,-0.010328732789241162,0.4161337395779876,0.3016143474365029
cn,midpoint,trustworthy,18,11641,-0.0038644537383599395,0.0027297079004955805,-0.03642552694181146,-0.010328732789241162,-0.9097273989257457,0.8237811571971759
cn,midpoint,trustworthy,19,11619,-0.002414290182236066,-0.0013429175431274622,-0.03642552694181146,-0.010328732789241162,-0.5649525543086886,-0.4154861488753605
cn,midpoint,trustworthy,20,11209,-0.0007778295328975879,-0.002412079839225395,-0.03642552694181146,-0.010328732789241162,-0.17588577372728,-0.7408236729814077
cn,midpoint,trustworthy,21,11129,0.0039447394094680455,-0.0003330063434907552,-0.03642552694181146,-0.010328732789241162,0.946899974419302,-0.10817825889840359
cn,midpoint,trustworthy,22,10517,-0.00011704357233397605,0.0006467852232761445,-0.03642552694181146,-0.010328732789241162,-0.018784613712339308,0.18996446801527542
cn,midpoint,trustworthy,23,11274,0.0035638237673506906,0.0017157661083571918,-0.03642552694181146,-0.010328732789241162,0.856337685242591,0.5152467902017501
cn,midpoint,trustworthy,24,10905,0.0019763768924628902,0.0014363205169289524,-0.03642552694181146,-0.010328732789241162,0.4789238774579174,0.4302137347251231
cn,midpoint,trustworthy,25,10751,-0.000887802600440829,-0.005993659289583816,-0.03642552694181146,-0.010328732789241162,-0.20203175368531123,-1.8306696159419462
cn,midpoint,trustworthy,26,8561,0.00731346257712976,0.003661072084510263,-0.03642552694181146,-0.010328732789241162,1.7478103281402837,1.1071878193795757
cn,midpoint,trustworthy,27,10972,-0.0027291823905756796,0.0030107522295942206,-0.03642552694181146,-0.010328732789241162,-0.6398178422570353,0.9093006957431007
cn,midpoint,trustworthy,28,9973,-0.007979938429347164,0.003521067284602131,-0.03642552694181146,-0.010328732789241162,-1.8881795113561546,1.0645854800235104
cn,midpoint,trustworthy,29,11350,0.0009016001234104926,0.00010609110674944348,-0.03642552694181146,-0.010328732789241162,0.22339684260502254,0.02543557861138764
cn,midpoint,trustworthy,30,8840,-0.004312118095913635,-0.007869442556963816,-0.03642552694181146,-0.010328732789241162,-1.0161591242745145,-2.4014554416264144
cn,midpoint,trustworthy,31,10933,-0.0054198915184140856,-0.00017754140238987123,-0.03642552694181146,-0.010328732789241162,-1.2795310784245424,-0.06087152239296554
cn,midpoint,trustworthy,32,10115,0.00890900590351669,-0.008021276986577792,-0.03642552694181146,-0.010328732789241162,2.1271490586661015,-2.447657442562052
cn,midpoint,trustworthy,33,11180,0.004319039745945628,-0.00041203599608704254,-0.03642552694181146,-0.010328732789241162,1.0358894817091593,-0.13222634925893578
cn,midpoint,trustworthy,34,11078,-0.0018574031640994568,-0.0011157683769829462,-0.03642552694181146,-0.010328732789241162,-0.4325532574593717,-0.3463664767863619
cn,midpoint,trustworthy,35,11375,0.0014014211071242608,-0.0007496029731557524,-0.03642552694181146,-0.010328732789241162,0.342228750405041,-0.2349452769094085
cn,midpoint,trustworthy,36,11442,-0.002089876052883903,0.001874561831175292,-0.03642552694181146,-0.010328732789241162,-0.48782343975699477,0.5635670569085165
cn,midpoint,trustworthy,37,11085,-0.0024536334252177674,0.0012044306888023045,-0.03642552694181146,-0.010328732789241162,-0.574306368523965,0.3596515171614857
cn,midpoint,trustworthy,38,10662,2.832764194556081e-06,0.0010135937665379548,-0.03642552694181146,-0.010328732789241162,0.009715857924362244,0.30158137007147384
cn,midpoint,trustworthy,39,9986,0.003063158736853505,0.0009706967978647535,-0.03642552694181146,-0.010328732789241162,0.7373051062166454,0.2885281660530302
cn,midpoint,trustworthy,40,11423,0.002902697135608333,-0.0022823277323901388,-0.03642552694181146,-0.010328732789241162,0.6991555310168789,-0.7013411460167093
cn,midpoint,trustworthy,41,10730,0.0037062653656227754,0.0019036259470703362,-0.03642552694181146,-0.010328732789241162,0.8902030238824129,0.5724110346096893
cn,midpoint,trustworthy,42,11132,0.004501907214686823,-0.00035888573271449474,-0.03642552694181146,-0.010328732789241162,1.079366028099058,-0.11605314977900842
cn,midpoint,trustworthy,43,11117,-0.001683710673079257,0.0012996472657462177,-0.03642552694181146,-0.010328732789241162,-0.3912580522738928,0.3886251589648328
cn,midpoint,trustworthy,44,11706,-0.0061729149717905316,0.002728090383929205,-0.03642552694181146,-0.010328732789241162,-1.4585616043500518,0.8232889598602274
cn,midpoint,trustworthy,45,11730,0.0002865747756379336,0.0012452518217331166,-0.03642552694181146,-0.010328732789241162,0.07717521965884325,0.37207306098825915
cn,midpoint,trustworthy,46,9863,-0.001431582767850853,0.004503313172930536,-0.03642552694181146,-0.010328732789241162,-0.3313149107008869,1.3634750373324385
cn,midpoint,trustworthy,47,10203,-0.002152035762378879,-0.003573019687182149,-0.03642552694181146,-0.010328732789241162,-0.5026018446424787,-1.0940883710995173
cn,midpoint,trustworthy,48,11054,0.00176818907488617,-0.0027804956098632493,-0.03642552694181146,-0.010328732789241162,0.429427445036162,-0.8529296414563398
cn,midpoint,trustworthy,49,11324,-0.003798290517805246,-0.0008420291485179976,-0.03642552694181146,-0.010328732789241162,-0.8939971635396897,-0.263069821858934
cn,midpoint,attractive,0,7694,0.007695794981266428,-0.02260215541067887,0.044158850550789865,-0.026828225698787667,1.1867615193040204,-2.059984847604196
cn,midpoint,attractive,1,11601,0.0023049059981963965,-0.002892567234739546,0.044158850550789865,-0.026828225698787667,0.34458969015413393,-0.26292506519874215
cn,midpoint,attractive,2,9429,0.005508602272193373,-0.018439799331538474,0.044158850550789865,-0.026828225698787667,0.8450753724944523,-1.6804739900914374
cn,midpoint,attractive,3,11177,-0.0015360246613865189,0.00029805748807904334,0.044158850550789865,-0.026828225698787667,-0.25544559333573236,0.02798630844047774
cn,midpoint,attractive,4,11349,0.0030664940523633458,0.006215452468646399,0.044158850550789865,-0.026828225698787667,0.46356598639224,0.5675162286631109
cn,midpoint,attractive,5,9837,0.0013894019365682589,-0.005645143248670215,0.044158850550789865,-0.026828225698787667,0.20156843102658295,-0.5138965014607773
cn,midpoint,attractive,6,8022,-0.010964436851130924,0.02080686430566114,0.044158850550789865,-0.026828225698787667,-1.728364654505904,1.8979163946505664
cn,midpoint,attractive,7,10275,-0.0067832927938558316,0.007652320764790232,0.044158850550789865,-0.026828225698787667,-1.0751807826597344,0.6985254717058297
cn,midpoint,attractive,8,10368,-0.004284382639523576,-0.0019832209988999497,0.044158850550789865,-0.026828225698787667,-0.6847977229891693,-0.1800136652180958
cn,midpoint,attractive,9,9650,-0.00581960480431995,-0.014014280517209933,0.044158850550789865,-0.026828225698787667,-0.9246321663877256,-1.2769687617469356
cn,midpoint,attractive,10,11601,-0.0019403215110228578,0.01341063730545215,0.044158850550789865,-0.026828225698787667,-0.3186053835757216,1.2235511078181103
cn,midpoint,attractive,11,11285,0.004324890681495268,-0.009222733043206092,0.044158850550789865,-0.026828225698787667,0.6601543773385787,-0.8400901631605715
cn,midpoint,attractive,12,10652,-0.006260924185603603,0.017068803043287787,0.044158850550789865,-0.026828225698787667,-0.9935756656402908,1.5570914368272777
cn,midpoint,attractive,13,7268,0.00010965087928226092,0.013843298257021037,0.044158850550789865,-0.026828225698787667,0.0016440229826102505,1.262999806012164
cn,midpoint,attractive,14,11050,0.00387815791600344,-0.004623631973710535,0.044158850550789865,-0.026828225698787667,0.590365192022953,-0.4207582373267388
cn,midpoint,attractive,15,9511,-0.0030135850218625873,-0.007473125029896034,0.044158850550789865,-0.026828225698787667,-0.48627203316214695,-0.6805662721676555
cn,midpoint,attractive,16,6773,0.0017270832077360063,-0.028683882750115304,0.044158850550789865,-0.026828225698787667,0.25432144721780997,-2.614498088149673
cn,midpoint,attractive,17,7261,-0.004056894221478605,0.009089258597858921,0.044158850550789865,-0.026828225698787667,-0.6492591805081399,0.829541054912023
cn,midpoint,attractive,18,11756,-0.004408929635783473,-0.0009219196407292858,0.044158850550789865,-0.026828225698787667,-0.7042546199842152,-0.08324746336974638
cn,midpoint,attractive,19,11509,0.00012914619578197062,-0.002978980232150489,0.044158850550789865,-0.026828225698787667,0.004689607191073479,-0.270803937194347
cn,midpoint,attractive,20,11081,0.005608497098765812,-0.005024731917642841,0.044158850550789865,-0.026828225698787667,0.8606810748343308,-0.4573292996711948
cn,midpoint,attractive,21,11054,0.004209710483627727,0.0048616027210555655,0.044158850550789865,-0.026828225698787667,0.6421607740155305,0.44407636218303354
cn,midpoint,attractive,22,10565,0.00810530512771028,0.0015201978746114155,0.044158850550789865,-0.026828225698787667,1.2507357376878783,0.1394173194532744
cn,midpoint,attractive,23,11361,0.010381430137822896,-0.0005375731680279106,0.044158850550789865,-0.026828225698787667,1.6063150065543477,-0.0482039311337858
cn,midpoint,attractive,24,10837,-0.0045357820940165675,-0.0005068187628824612,0.044158850550789865,-0.026828225698787667,-0.7240716793074228,-0.045399838824736
cn,midpoint,attractive,25,10728,0.0007740368842594422,-0.0022564906869028366,0.044158850550789865,-0.026828225698787667,0.10543528613612743,-0.20492955700014567
cn,midpoint,attractive,26,8625,-0.0037925658778701424,0.012431261768699808,0.044158850550789865,-0.026828225698787667,-0.6079654559792171,1.134254651024664
cn,midpoint,attractive,27,11087,-0.0020835813566111236,0.006338297703691532,0.044158850550789865,-0.026828225698787667,-0.34098562671960697,0.5787168803149424
cn,midpoint,attractive,28,9947,-0.0076480480414695545,-0.006235642091830189,0.044158850550789865,-0.026828225698787667,-1.210273994732351,-0.5677363743757862
cn,midpoint,attractive,29,11373,0.0032439219946976197,0.0022475053237368398,0.044158850550789865,-0.026828225698787667,0.49128401494137564,0.20573098134209825
cn,midpoint,attractive,30,8823,0.018473596709832413,-0.03369201674736845,0.044158850550789865,-0.026828225698787667,2.8704840044946063,-3.071124381455377
cn,midpoint,attractive,31,10954,0.0020849887413818616,-0.004782775757236825,0.044158850550789865,-0.026828225698787667,0.31023392452535464,-0.4352684792679713
cn,midpoint,attractive,32,10082,0.00943846996616804,-0.008982629703387097,0.044158850550789865,-0.026828225698787667,1.4590045174917785,-0.8181982772541638
cn,midpoint,attractive,33,11149,-0.005804989993297947,0.0029146922449213124,0.044158850550789865,-0.026828225698787667,-0.9223490212200671,0.26656303793834885
cn,midpoint,attractive,34,11143,0.007514187661726832,-0.00121616874325969,0.044158850550789865,-0.026828225698787667,1.1583905829029946,-0.11007619380521055
cn,midpoint,attractive,35,11416,0.00975561611579033,0.011308812577504674,0.044158850550789865,-0.026828225698787667,1.5085495097507629,1.031913177357918
cn,midpoint,attractive,36,11421,0.0029196941747262964,-0.003720127656907681,0.044158850550789865,-0.026828225698787667,0.4406327147450529,-0.3383794856013114
cn,midpoint,attractive,37,11090,-0.003302288257420724,-0.001730669537561718,0.044158850550789865,-0.026828225698787667,-0.5313736356501698,-0.1569867977814284
cn,midpoint,attractive,38,10745,0.0048294227672058335,0.0029114595413796754,0.044158850550789865,-0.026828225698787667,0.7389730491424449,0.26626828994710433
cn,midpoint,attractive,39,9990,-0.005472034132302919,0.01334208606252291,0.044158850550789865,-0.026828225698787667,-0.8703342148753312,1.2173008157976801
cn,midpoint,attractive,40,11426,-0.0003686353855118507,-0.0022397142139566964,0.044158850550789865,-0.026828225698787667,-0.07307449185676151,-0.20339992966582493
cn,midpoint,attractive,41,10748,-0.0017008177921968778,-0.0007264843509150118,0.044158850550789865,-0.026828225698787667,-0.281189794865711,-0.06542827322468146
cn,midpoint,attractive,42,11204,-0.0027220475114953444,0.0005644070094963718,0.044158850550789865,-0.026828225698787667,-0.4407276565031488,0.05227124066378685
cn,midpoint,attractive,43,11039,-0.005838695881869596,-0.0011294331101945783,0.044158850550789865,-0.026828225698787667,-0.927614599851097,-0.10216790488047961
cn,midpoint,attractive,44,11661,-0.01775459859595585,0.017675216734026552,0.044158850550789865,-0.026828225698787667,-2.78913273094405,1.6123823767190115
cn,midpoint,attractive,45,11661,0.0063523519790662925,0.01694868895606724,0.044158850550789865,-0.026828225698787667,0.9768870711240132,1.5461398028551436
cn,midpoint,attractive,46,9887,-0.007718017056372449,0.005441475273891775,0.044158850550789865,-0.026828225698787667,-1.2212046470699602,0.4969473625469501
cn,midpoint,attractive,47,10286,-0.005129966561561783,0.001900089865980517,0.044158850550789865,-0.026828225698787667,-0.8168959651453462,0.17405470574735898
cn,midpoint,attractive,48,11067,0.006392529804800776,0.003999887118356853,0.044158850550789865,-0.026828225698787667,0.9831637043650868,0.36550777720511163
cn,midpoint,attractive,49,11274,-0.002321062854341395,-0.0009720354981186501,0.044158850550789865,-0.026828225698787667,-0.3780853013671194,-0.08781687349497348
