celeb_id,name,source_file,n_blocks,full_chars,selected_chars,selected_rank,selected_text
1,任正非,1_data/ChineseStimuli/CelebrityText/任正非.txt,155,13440,94,1,任正非，1944年10月25日出生于贵州省安顺市镇宁县 ，祖籍浙江省浦江县黄宅镇 ，汉族 ，中共党员 ，毕业于重庆建筑工程学院 ，企业家、华为公司创始人，华为技术有限公司董事、首席执行官（CEO） 。
2,何炅,1_data/ChineseStimuli/CelebrityText/何炅.txt,56,8994,273,3,1992年被保送至北京外国语大学。1994年凭借自编自演的小品《渗透》在央视大学生晚会上获得关注。1995年主持央视少儿益智节目《大风车》，并在之后正式开始主持生涯。1998年开始，连续24年主持明星综艺舞台秀《快乐大本营》。2003年主演话剧《想吃麻花现给你拧》。2004年发布个人单曲《栀子花开》；随后，获得第22届中国电视金鹰奖优秀主持人奖。2005年主持音乐选秀节目《超级女声》。2006年主演话剧《暗恋桃花源》。2007年主持音乐选秀节目《快乐男声》与舞蹈真人秀《舞动奇迹》。2010年在第25届中国电视金鹰奖颁奖礼上获得优秀主持人奖。
3,余华,1_data/ChineseStimuli/CelebrityText/余华.txt,110,10279,86,2,余华，汉族，1960年4月3日出生于浙江省杭州市，浙江嘉兴人，祖籍山东高唐， 澳门城市大学荣誉博士，澳门城市大学教授，中国当代作家，中国作家协会委员会委员。北京师范大学教授。
4,全红婵,1_data/ChineseStimuli/CelebrityText/全红婵.txt,49,7186,470,2,2020年8月，全红婵获得广东省青少年跳水锦标赛共5项冠军1项亚军； 10月，全红婵夺得2020全国跳水冠军赛暨东京奥运会、世界杯选拔赛女子单人10米跳台冠军。 2021年3月，全红婵获2021年中国跳水明星赛女子单人、双人十米跳台亚军； 5月，全红婵以440.85分蝉联2021年全国跳水冠军赛暨东京奥运会选拔赛、全运会跳水资格赛女子单人十米跳台冠军； 8月，全红婵以五跳三跳满分总466.2分创女子10米跳台历史最高分纪录夺得2020东京奥运会跳水女子单人10米跳台金牌， 并被共青团中央、全国青联授予“中国青年五四奖章”； 9月，全红婵连夺中华人民共和国第十四届运动会跳水女子单人10米跳台金牌、跳水女子团体金牌， 并被中华全国总工会授予全国五一劳动奖章。 2022年6月，全红婵在2022年世界游泳锦标赛中勇夺跳水3米板/10米台混合全能金牌、女子单人十米跳台银牌、女子双人十米跳台金牌， 实现了奥运会、世锦赛和世界杯的金牌大满贯； 9月，国家体育总局授予全红婵“国际级运动健将”称号。 2023年10月，全红婵获得杭州第19届亚运会女子10米跳台冠军。
5,刘亦菲,1_data/ChineseStimuli/CelebrityText/刘亦菲.txt,55,7136,347,3,2002年，因出演民国剧《金粉世家》中白秀珠一角踏入演艺圈 。2003年，凭借武侠剧《天龙八部》中王语嫣一角提名第1届电视剧风云盛典古装剧最佳女演员 。2004年，凭借仙侠剧《仙剑奇侠传》赵灵儿一角获得高人气与关注度 。2005年，因在武侠剧《神雕侠侣》饰演小龙女一角受到广泛关注 。2006年，发行个人首张同名专辑《刘亦菲》和日语专辑《AllMyWords》 ；同年，成为金鹰节史上第一位金鹰女神 。2008年起，将其演艺事业的重心转向大银幕，并凭借好莱坞电影《功夫之王》成为首位荣登IMDB电影新人排行榜榜首的亚洲女星 。2009年，获封“四小花旦”之一的称号 。2012年，获得第24届香港专业电影摄影师学会最具魅力女演员奖 。2014年，凭借古装片《铜雀台》中灵雎一角获第5届澳门国际电影节最佳女主角奖 。
6,刘强东,1_data/ChineseStimuli/CelebrityText/刘强东.txt,130,9234,94,1,刘强东，男，汉族，1974年2月14日出生于江苏宿迁 ，祖籍湖南湘潭 。京东集团创始人，现任京东集团公司董事会主席 。中国人民政治协商会议第十三届全国委员会委员 ，河北省阜平县平石头村名誉村主任 。
7,刘翔,1_data/ChineseStimuli/CelebrityText/刘翔.txt,171,8484,111,1,刘翔，男，汉族，1983年7月13日出生于上海市普陀区，中国男子田径队110米栏运动员。他是中国体育田径史上、也是亚洲田径史上第一个集奥运会、室内室外世锦赛、国际田联大奖赛总决赛冠军和世界纪录保持者多项荣誉于一身的运动员 。
8,华春莹,1_data/ChineseStimuli/CelebrityText/华春莹.txt,26,550,49,3,华春莹，女，汉族，1970年4月出生，江苏淮安人，毕业于南京大学，大学本科毕业，全国优秀共产党员。
9,周迅,1_data/ChineseStimuli/CelebrityText/周迅.txt,53,9373,592,3,1991年，主演个人第一部电影《古墓荒斋》而进入演艺圈 。2000年，凭借娄烨执导的文艺片《苏州河》获得第15届巴黎国际电影节最佳女演员奖 ，成为国际影后。同年，因主演电视剧《大明宫词》小太平一角获得第18届中国电视金鹰奖观众最喜爱的女配角奖。 2002年，凭借文艺片《烟雨红颜》获得第25届大众电影百花奖最佳女主角奖。 同年，主演电视剧《橘子红了》秀禾一角。2003年，发行个人第一张音乐专辑《夏天》。2005年，和金城武合作，主演的歌舞片《如果·爱》成为第62届威尼斯国际电影节的闭幕片，她更凭借老孙一角，获得第25届香港电影金像奖最佳女主角奖、第43届台湾电影金马奖最佳女主角奖。2008年，她凭借爱情片《画皮》小唯一角、谍战片《风声》顾晓梦一角获得观众的好评；2009年，她更凭借文艺片《李米的猜想》获得第27届中国电影金鸡奖最佳女主角奖 ，成为全中国第一位“ 三金满贯”。2011年，在武侠片《龙门飞甲》饰演侠女凌雁秋一角 。2014年，凭借电视剧《红高粱》九儿一角获得第21届上海电视节白玉兰奖最佳女主角奖 、第17届华鼎奖电视剧最佳女主角奖；同年，被授予法国艺术及文学勋章“骑士勋章” 。2018年-2021年，相继主演电视剧《功勋》屠呦呦一角等多部影视作品。2024年，凭电视剧《不完美受害人》林阚一角，二封上海电视节白玉兰奖最佳女主角奖。2025年，参与配音的动画电影《小王子》重映。
10,奚梦瑶,1_data/ChineseStimuli/CelebrityText/奚梦瑶.txt,45,3363,570,3,2009年，参加东方卫视选秀娱乐节目《加油！东方天使》的比赛，获得上海赛区五强；同年，奚梦瑶进入第26届世界精英模特大赛总决赛前15名，从此踏上模特之路。2010年，参加巴黎秋冬高级定制，之后作为史上首位亚洲模特登上Givenchy全球广告。2012年，任春夏上海时装周代言人 。2013年11月，作为第四位亚洲超模登上维多利亚的秘密秀场 ；12月2日，参加伦敦举办的2014维多利亚的秘密年度内衣秀 。2015年8月，参加时尚互动真人秀《爱上超模》第二季。2016年3月，参加浙江卫视综艺节目《二十四小时》；7月至10月，作为常驻嘉宾参与湖南卫视综艺节目《我们来了》。11月，在巴黎四登维多利亚的秘密秀场。2017年参演爱情电影《喜欢你》。2018年3月，作为常驻嘉宾参与探访体验观察真人秀《女人有话说》 。2019年10月，奚梦瑶以模特的身份入选福布斯中国30岁以下精英榜。2020年，她作为综艺《幸福三重奏第三季》的官宣嘉宾。 2021年，参演纪录片《奇妙的蛋生》 。2023年，参演的《爱的修学旅行》定档播出。 2024年9月2日，参加的综艺《心动的信号第七季》播出。10月26日，参演的电视剧《大梦归离》播出。 12月18日，参演演唱的综艺《澳门双行线第二季》主题曲MV《双行味道》发布。 2025年5月13日，参加的节目《爸爸当家·慢享季》播出。
11,姚明,1_data/ChineseStimuli/CelebrityText/姚明.txt,107,11882,122,2,姚明，1980年9月12日出生于上海市，祖籍江苏省苏州市，中国前男子职业篮球运动员，司职中锋。第十二届全国政协委员、第十四届全国人大代表、改革先锋奖章获得者。中国篮球协会原主席， 现任亚洲篮球联合会主席、全国青联副主席、中职联公司董事长兼总经理。
12,孙俪,1_data/ChineseStimuli/CelebrityText/孙俪.txt,43,4104,314,3,2001年，参加新加坡“才华横溢出新秀”比赛，获得亚军及智慧大奖 。2003年，因主演个人首部电视剧《玉观音》正式出道 ，凭借该剧获得第22届中国电视金鹰奖“最具人气女演员奖”和“最受观众喜爱的电视剧女演员奖” 。2005年，主演军旅题材剧《幸福像花儿一样》，并演唱片尾曲《爱如空气》 。2006年，因主演个人首部电影《霍元甲》获得第28届大众电影百花奖“最佳新人奖” 。2008年，发行个人首张音乐专辑《小小的梦想》 。2012年，主演清宫题材剧《甄嬛传》 ，饰演“甄嬛”一角 。2013年，主演时装剧《辣妈正传》 ，凭该剧获第20届上海电视节白玉兰奖“最佳女演员奖” 、第27届中国电视金鹰奖“最具人气女演员奖”及“观众喜爱的电视剧女演员奖” 。
13,孙杨,1_data/ChineseStimuli/CelebrityText/孙杨.txt,107,9075,446,3,2004年6月，孙杨进入浙江省游泳队， 2007年1月，正式进入国家游泳队。 2010年广州亚运会男子1500米自由泳决赛中，孙杨以14分35秒43改写亚洲纪录的成绩夺冠； 翌年上海世界游泳锦标赛上，孙杨以7分38秒57的成绩摘下男子800米自由泳金牌，同时也是生涯第一个世界冠军。 2012年伦敦奥运会，孙杨在400米自由泳决赛中以3分40秒14的成绩打破该项目奥运会纪录获得冠军，成为中国第一个男子游泳奥运冠军；随后在1500米自由泳决赛以14分31秒02打破世界纪录的成绩夺冠。 2013年巴塞罗那世界游泳锦标赛，包揽400米自由泳、800米自由泳、1500米自由泳三枚金牌，并在世锦赛荣膺最佳男子运动员。 两年后的喀山世界游泳锦标赛，以两金一银的成绩再获世锦赛最佳男运动员（MVP）奖项，成为继菲尔普斯后第二位蝉联该荣誉的运动员。 2016年里约奥运会，以1分44秒65的成绩斩获200米自由泳冠军， 成为历史上首位集男子200米自由泳、400米自由泳、1500米自由泳奥运会金牌于一身的游泳运动员。
14,孙燕姿,1_data/ChineseStimuli/CelebrityText/孙燕姿.txt,58,10092,561,2,2000年，发行个人首张音乐专辑《孙燕姿》 ，成为2000年台湾地区年度专辑销量冠军 ，她凭借该专辑创下包揽亚洲各地区15座新人奖的记录 ，其中包括第12届台湾金曲奖“最佳新人奖” ；同年12月，发行专辑《我要的幸福》，尝试更为多元的风格 ，并成为2001年台湾地区销量年冠 。2001年，发行专辑《风筝》，获得台湾地区销量年季 。2002年，首次登上中央电视台春节联欢晚会的舞台 ；之后，相继发行专辑《Start》 《Leave》 ，专辑销量均突破百万 ，获得了多项音乐大奖 ，更因“孙燕姿现象”而登上国际杂志《亚洲周刊》封面 。2003年，发行专辑《未完成》 《TheMoment》 ；同年8月，宣布暂别歌坛一年 。2004年10月，发行专辑《Stefanie》 ，并于次年获得第16届台湾金曲奖“最佳国语女歌手奖”等多个奖项 ；2005年，发行专辑《完美的一天》 ，获得MTV日本音乐录影带奖“最佳大中华区歌手奖” 。2007年，发行专辑《逆光》 ；之后，她的音乐作品有所减少 。2011年，发行专辑《是时候》回归乐坛 ，凭借该专辑获得新加坡金曲奖“最受欢迎女歌手”和“最佳专辑制作人”等六个奖项 。2014年，发行专辑《克卜勒》 ，并举行孙燕姿“克卜勒”世界巡回演唱会 。2017年，发行音乐专辑《跳舞的梵谷》 。2025年，举行孙燕姿“就在日落以后”亚洲巡回演唱会 。
15,孙颖莎,1_data/ChineseStimuli/CelebrityText/孙颖莎.txt,167,27972,295,4,2015年，孙颖莎进入国家二队。2017年，升入一队 ；6月，首次在日本公开赛中斩获女单、女双两项冠军 ；7月，世界排名从无直接“空降”至世界第10 ；同年斩获2017年世青赛女单、女双、女团三冠 。2018年，获得青奥会女单冠军。 。2019年，获得世锦赛女双冠军、世界杯女团冠军，并首次摘得亚锦赛与全锦赛女单冠军 。2020年，获WTT澳门国际乒乓球女单冠军，是WTT历史上首位冠军 。2021年，获得东京奥运会乒乓球女单亚军、女团冠军； 11月，获得世乒赛女单亚军、女双冠军、混双冠军。12月，获得2021年WTT世界杯女单冠军 。2022年1月，首次登顶世界第一，成为世界乒坛首位“00后”世界第一。
16,宋茜,1_data/ChineseStimuli/CelebrityText/宋茜.txt,45,6507,592,3,2007年，被韩国SM娱乐有限公司星探发掘，成为旗下练习生。2009年，担任女子流行演唱组合f(x)队长，以歌手身份正式出道。2012年，由宋茜主演的都市爱情剧《爱情闯进门》 ，并凭借该剧获得国剧盛典年度最佳新人女演员奖 。2015年12月，主演都市励志剧《美丽的秘密》 。2016年12月，凭借古装玄幻剧《幻城》获得国剧盛典年度最具人气女演员奖 。2017年6月，主演古装神话电视剧《上古情歌》 。2018年3月，参加爱奇艺综艺节目《热血街舞团》；5月，主演爱情奇幻剧《结爱·千岁大人的初恋》 。2019年8月，主演都市情感励志剧《山月不知心底事》 ；同月，入选2019福布斯中国100名人榜 ；9月5日，与韩国SM娱乐有限公司合约到期 。2020年1月，宋茜主演都市情感剧《下一站是幸福》 ；3月，加盟腾讯视频女团成长综艺节目《创造营2020》，担任教练团成员 ；5月，发布同名专辑《VICTORIA》 ；8月，主演都市情感剧《他其实没有那么爱你》。2021年，主演爱情悬疑剧《陌生的恋人》和古装悬疑剧《风起洛阳》相继开播 。2022年9月7日，主演都市医疗剧《亲爱的生命》播出 ；10月26日，主演现代爱情剧《谁都知道我爱你》播出 。2023年，宋茜作为新坞民参加群居生活体验类真人秀《五十公里桃花坞》第三季 。2024年2月3日，宋茜在《同心向未来——2024中国网络视听年度盛典》节目中演唱歌曲《青花瓷》 。
17,屠呦呦,1_data/ChineseStimuli/CelebrityText/屠呦呦.txt,89,8757,108,2,屠呦呦，女，汉族，1930年12月30日出生于浙江宁波 ，毕业于北京大学 ，中共党员，药学家，抗疟药青蒿素和双氢青蒿素发现者，中国中医科学院终身研究员兼首席研究员、青蒿素研究中心主任、博士生导师，美国国家科学院外籍院士。
18,张怡宁,1_data/ChineseStimuli/CelebrityText/张怡宁.txt,68,8822,99,2,张怡宁，1981年10月5日生于北京，中国乒乓球运动员、世界冠军、奥运冠军，唯一一位完成双圈“大满贯”的女子乒乓球选手。中共党员，中共十七大代表，现任上海体育大学中国乒乓球学院特聘副教授、院长助理。
19,成龙,1_data/ChineseStimuli/CelebrityText/成龙.txt,55,6888,649,2,成龙（Jackie Chan），1954年4月7日出生于中国香港，华语影视男演员、电影导演、流行乐歌手、制片人、编剧，一级演员。1971年，以龙虎武师身份进入演艺圈 。1978年，凭电影《醉拳》确立功夫喜剧的表演风格 。1980年，自导自演的电影《师弟出马》打破香港地区票房纪录 。1983年，执导并主演电影《A计划》 。1986年，自导自演的动作片《警察故事》成为香港电影警匪片代表作 。1989年，获英国不列颠帝国勋章 。1992年，发行个人首张普通话专辑《第一次》 ；同年起，先后凭电影《警察故事3超级警察》《重案组》连续两年获台湾电影金马奖最佳男主角奖 。1994年，主演电影《醉拳Ⅱ》 ，该片被《时代周刊》评为“世界十大电影”之一 。1995年，主演的电影《红番区》打破北美外语片票房纪录 。1998年起，凭电影《尖峰时刻》《尖峰时刻Ⅱ》奠定其在好莱坞的地位 ，并创下华人主演好莱坞电影的票房纪录 。2003年，当选感动中国“年度十大人物” 。2004年，主演电影《新警察故事》 ，凭该片获第25届中国电影金鸡奖最佳男主角奖 。2005年，主演的电影《神话》亚洲票房突破1.2亿元 。2012年，被《纽约时报》评为“史上20位最伟大的动作影星”第一位 ；同年，获吉尼斯世界纪录“表演特技最多的演员”认证 。2016年，成为首位获第89届奥斯卡金像奖终身成就奖的华人演员 。2019年，获英国电影与电视艺术学院大不列颠奖“艾伯特·R·布洛柯里奖” 。2024年，主演爱情片《传说》 。2025年，出演的电影《功夫梦：融合之道》在北美上映
20,撒贝宁,1_data/ChineseStimuli/CelebrityText/撒贝宁.txt,31,4092,468,2,1999年，撒贝宁开始主持由中央电视台推出的全国第一档全日播法制栏目《今日说法》 ，并凭借主持该节目获得中国电视榜年度新人奖 。随后几年间，撒贝宁先后获得中国电视法制栏目主持人大赛一等奖、首届全国大学生电视节最具潜质主持人奖、首届央视十佳主持人、“荣事达”电视主持人大赛金奖等多项奖项 。2006年，撒贝宁开始主持中央电视台社会与法频道推出的两会特别节目《小撒探会》 ，同年，撒贝宁主持的《2005年度十大法律人物颁奖典礼》荣获主持界最高荣誉“金话筒”奖电视播音主持作品奖 、本人入选中国内地电视主持人最高水平的“25年25人” 。2008年，撒贝宁参加中央电视台鼠年春节联欢晚会，表演诗朗诵《温暖2008》 。2012年，撒贝宁成为中央电视台龙年春节联欢晚会主持第七人 ，开始主持中央电视台综合频道制作的“中国青年电视公开课”《开讲啦》 。2013年，撒贝宁荣获主持界最高荣誉“金话筒奖”电视播音主持人奖 ，并主持当年中央电视台蛇年春节联欢晚会。2015年、2016年 、2022年 、2023年 、2024年，2025年撒贝宁多次主持中央电视台春节联欢晚会。
21,易烊千玺,1_data/ChineseStimuli/CelebrityText/易烊千玺.txt,63,10506,265,3,2005年，首登电视荧屏。2009年，加入飞炫少年组合 ，后于20年退出 。2013年，以TFBOYS组合成员的身份正式出道 。2018年，作为特邀嘉宾出席第60届格莱美奖颁奖典礼；同年担任真人秀节目《这！就是街舞》的队长并带领其战队获得总冠军 ；随后发行首张迷你音乐专辑《我乐意沉默释放内心焰火》。2019年，主演首部电影《少年的你》并获得广泛认可，凭该片相继获第39届香港电影金像奖“最佳新演员奖”、第35届大众电影百花奖“最佳新人奖”等多个奖项 ，并首度提名香港电影金像奖和中国电影金鸡奖“最佳男主角奖” ；同年发行音乐专辑《温差感》 。
22,杨幂,1_data/ChineseStimuli/CelebrityText/杨幂.txt,83,11151,493,3,1990年，4岁的杨幂因参演电视剧《唐明皇》而以童星的身份正式出道 。2006年，在金庸武侠剧《神雕侠侣》中饰演郭襄一角而崭露头角。2009年，主演的仙侠剧《仙剑奇侠传三》播出，使她成为众多网络票选中最受欢迎的明星 。2011年，凭穿越剧《宫锁心玉》赢得广泛关注，并获第17届上海电视节白玉兰奖观众票选最具人气女演员奖 。2012年，成立工作室，并凭都市剧《北京爱情故事》获多项荣誉 。2015年，主演的《小时代》系列电影票房突破18亿人民币 。2017年，主演的神话剧《三生三世十里桃花》获颇高关注；并凭科幻片《逆时营救》获休斯顿国际电影节最佳女主角奖 。2018年，凭古装片《绣春刀Ⅱ：修罗战场》获北京大学生电影节最受大学生欢迎女演员奖 ；随后，获第五届中国电视好演员奖绿宝石女演员奖。2021年，首次参加央视春节联欢晚会 。2023年，杨幂宣布与嘉行传媒解约 。2024年，参加央视春节联欢晚会，与苏有朋等人表演节目《鼓舞龙腾》、与黄轩等人合唱歌曲《让幸福飞起来》 ；同年，主演的电视剧《狐妖小红娘·月红篇》播出 。2025年，主演的剧情片《酱园弄·悬案》上映 ；7月，特别出演的电影《长安的荔枝》上映 。
23,杨紫,1_data/ChineseStimuli/CelebrityText/杨紫.txt,59,8658,584,3,2002年，因出演古装历史情感剧《孝庄秘史》开始崭露头角。2004年，凭青春校园喜剧片《女生日记》被提名第12届中国电影童牛奖优秀儿童演员奖； 随后，因主演情景喜剧《家有儿女》的夏雪被观众熟知。 2012年，凭惊悚悬疑片《守株人》获第14届中国电影表演艺术学会金凤凰奖新人奖。 2013年，主演偶像剧《花非花雾非雾》。2014年，主演近代革命史诗剧《战长沙》。 2016年，凭主演的都市职场女性剧《欢乐颂》提名第29届中国电视金鹰奖观众喜爱的女演员奖、第23届上海电视节白玉兰奖最佳女配角奖； 同年，被南都娱乐周刊评为“90后四小花旦”之一。 2017年，主演的传奇清装剧《龙珠传奇之无间道》播出。 2018年，主演的古装神话剧《香蜜沉沉烬如霜》取得了全国同时段电视剧收视冠军。 2019年，主演的青春励志言情剧《亲爱的，热爱的》获得颇高关注， 凭该剧获第26届华鼎奖中国当代题材电视剧最佳女演员奖；同年，参演的消防题材电影《烈火英雄》在全国上映，凭该片获第16届广州大学生电影节最受大学生欢迎女配角奖。 2022年，主演的电视剧《余生，请多指教》《沉香如屑》相继播出。 2023年，主演的电视剧《长相思》播出 ，并凭该剧提名第29届上海电视节白玉兰奖最佳女主角 。2024年，主演的电视剧《要久久爱》《承欢记》播出 。2025年，主演的电视剧《国色芳华》播出 ；6月，再度主演的《锦绣芳华》播出 。
24,杨颖,1_data/ChineseStimuli/CelebrityText/杨颖.txt,64,8901,246,3,2003年，以时尚模特身份出道，并因此逐渐在香港崭露头角。2007年，将工作重心转向大银幕。2011年，在爱情片《夏日乐悠悠》中首次担任电影女主角。2013年，被《南都娱乐周刊》评为新“四小花旦”之一。此后，开始凭借真人秀《奔跑吧兄弟》赢得广泛关注 。2017年，主演的古装剧《孤芳不自赏》取得全国同时段电视剧收视冠军 。2019年，首次参加央视春晚 。2023年，主演的剧集《暮色心约》《尘缘》相继播出。2025年1月20日，领衔主演的电视剧《相思令》播出； 2月4日，参演的网剧《漫影寻踪》播出。
25,林更新,1_data/ChineseStimuli/CelebrityText/林更新.txt,44,3956,492,3,2011年林更新在他人生第一部戏《步步惊心》中出演十四阿哥，成为人气高企的80后偶像，凭借该剧获得第6届腾讯星光大典-年度影视新人奖、2011年度搜狐电视剧盛典-年度最佳新演员、第一届爱奇艺盛典-最具人气男演员奖。2012年，林更新陆续演了电视剧《轩辕剑之天之痕》《姐姐立正向前走》等，逐渐崭露头角。2013年林更新凭借动作片《狄仁杰之神都龙王》获得第33届香港电影金像奖最佳新演员提名，次年又凭爱情电影《同桌的你》获得第9届华语青年影像论坛-年度新锐男演员奖。2014年10月-2017年期间，《痞子英雄之黎明升起》、谍战动作片《智取威虎山》、武侠片《三少爷的剑》和魔幻喜剧片《西游伏妖篇》等多部电影也陆续在全国上映，其中2017年12月，凭借励志古装电视剧《楚乔传》获得了第11届腾讯星光大赏最具人气电视剧男演员。2018年，林更新再次搭档赵又廷出演的电影《狄仁杰之四大天王》于7月上映。2020年至2022年，林更新的现代剧《最初的相遇，最后的别离》《我的砍价女王》以及都市清甜喜剧《请叫我总监》等陆续播出。2024年3月18日，与赵丽颖二次合作主演的东方神话剧《与凤行》播出。
26,王一博,1_data/ChineseStimuli/CelebrityText/王一博.txt,44,6020,374,3,2014年，以UNIQ组合成员身份正式出道 。2015年，主演青春励志电影《梦想合伙人》 。2016年，随组合凭借歌曲《EOEO》获得美国International-K Music Awards最佳编舞奖 ；同年，正式成为综艺节目《天天向上》的“天天兄弟”成员；领衔主演喜剧电视剧《人间至味是清欢》 。2018年，担任竞演类真人秀节目《创造101》舞蹈导师 。2019年，主演的仙侠古装剧《陈情令》播出 ；同年，发行个人音乐单曲《无感》 。2020年，主演电视剧《有翡》 ；同年，凭借电视剧《陪你到世界之巅》获得第30届中国电视金鹰奖观众喜爱的男演员奖 。2021年，主演的古装悬疑电视剧《风起洛阳》播出 。2022年，主演的刑侦剧《冰雨火》播出 。2023年，凭借电影《无名》《长空之王》获得第20届电影频道传媒关注单元最受传媒关注男主角奖 ；同年，主演的电影《热烈》上映 。
27,王菲,1_data/ChineseStimuli/CelebrityText/王菲.txt,73,8731,302,3,1989年，发行个人首张音乐专辑《王靖雯》并在中国香港正式出道 。1992年，凭借音乐专辑《Coming Home》获得广泛关注 ，其中的歌曲《容易受伤的女人》亦广为传唱 。1993年，在粤语专辑《十万个为什么？》 中开始探索更多元的音乐 。1994年，发行被视为其标志性作品的音乐专辑《迷》《天空》 ，并获得十大劲歌金曲“最受欢迎女歌星奖”、叱咤乐坛流行榜“叱咤乐坛女歌手奖（金奖）”等奖项 ；同年，在红馆举办的18场“最精彩演唱会”打破香港地区歌手初次演唱会最多场次的纪录 。1995年，发行粤语专辑《Di-Dar》后便不再推出粤语专辑 。1996年，凭借音乐专辑《浮躁》在国际获得关注，并因此登上美国《时代》杂志封面 。
28,罗翔,1_data/ChineseStimuli/CelebrityText/罗翔.txt,132,6110,344,2,1995年，罗翔考入中国青年政治学院攻读法律专业 。1999年，本科毕业后继续攻读中国政法大学研究生院刑法学硕士。2002年至2005年期间，博士就读于北京大学法学院，毕业获得刑法学博士学位 。2005年，进入中国政法大学执教 。2007年，作为带队老师带一批学生去加拿大蒙特利尔大学交流 。2013年至2014年期间，在美国杜克大学做访问学者 。2014年，罗翔停了下来，辞去了关于法考培训的大部分事务，想要“退出”江湖 。2017年，入职“厚大法考” 。2020年3月9日，应邀入驻bilibili，两天粉丝超过百万，半年粉丝量突破千万 。2021年8月，参与中央广播电视总台文化类综艺节目《朗读者第三季》 。2022年5月，加盟B站《夏日毕业歌会》 。2024年4月26日，罗翔受聘为山东大学兼职教授 。
29,苏炳添,1_data/ChineseStimuli/CelebrityText/苏炳添.txt,93,11550,151,1,苏炳添，男，汉族，1989年8月29日出生于广东省中山市古镇镇古一村 ，广府人 ，国际级运动健将 ，中国男子短跑运动员。暨南大学体育学院院长、党委副书记、体育部主任 、教授 、硕士研究生导师 。暨南大学2017届国际经济与贸易专业硕士研究生、北京体育大学体能训练学院博士研究生 。男子60米、100米亚洲纪录保持者 。
30,范冰冰,1_data/ChineseStimuli/CelebrityText/范冰冰.txt,75,8477,285,3,1996年，出演电视剧《女强人》。1998年，主演电视剧《还珠格格》获得广泛关注。2002年，主演电影《一见钟情》涉足影坛。2004年，凭借冯小刚执导的电影《手机》获得第27届大众电影百花奖最佳女主角。2005年，发行首张个人专辑《刚刚开始》。2007年，凭借电影《心中有鬼》获得第44届台湾电影金马奖最佳女配角；同年，主演的电影《苹果》入围第57届柏林国际电影节主竞赛单元，获得第4届欧亚国际电影节最佳女演员。2010年，主演李玉执导的电影《观音山》获得第23届东京国际电影节最佳女演员，该片亦获东京国际电影节最佳艺术贡献奖。2011年担任第24届东京国际电影节评委。
31,莫言,1_data/ChineseStimuli/CelebrityText/莫言.txt,99,10019,578,2,1966年，他辍学回乡放牧牛羊。 1973年8月，作为农民合同工到高密县第五棉油厂工作。1976年2月，参军，曾任战士、班长、教员、干事等职。1978年，开始进行文学创作。1981年，发表处女作短篇小说《春夜雨霏霏》，展露文学天赋。1984年9月，考入原解放军艺术学院文学系。1985年，发表成名作中篇小说《透明的红萝卜》。 1986年，发表中篇小说《红高粱》，在文坛引起轰动。1987年，《红高粱》被张艺谋改编为同名电影，莫言担任编剧。1988年，《红高粱》获得西柏林国际电影节金熊奖；同年发表长篇小说《天堂蒜薹之歌》。1993年，出版长篇小说《酒国》。 1996年，出版长篇小说《丰乳肥臀》。1999年，出版长篇小说《红树林》。2001年，出版长篇小说《檀香刑》。2003年，出版长篇小说《四十一炮》。2006年，出版长篇小说《生死疲劳》。2009年，出版长篇小说《蛙》。2012年10月，成为首位中国籍诺贝尔文学奖获得者。2016年，当选中国作协第九届全委会副主席。2019年11月，与王振共同创刊《两块砖墨讯》。2020年7月31日，出版中短篇小说集《晚熟的人》。2021年4月14日，被香港大学授予荣誉文学博士。 2024年3月11日，莫言与诺贝尔文学奖得主阿卜杜勒拉扎克·古尔纳以文学的故乡与他乡为主题展开对话。 同年12月，获第19届·2024爱心奖。
32,董卿,1_data/ChineseStimuli/CelebrityText/董卿.txt,49,5678,239,3,1994年，到浙江电视台工作，开启其主持生涯。1996年，进入上海东方电视台。1998年，因主持婚恋交友节目《相约星期六》受到观众关注，开始小有名气。2000年，主持上海——悉尼双向传送音乐会，凭借该晚会夺得第五届全国广播电视节目主持人“金话筒”奖。2002年，进入中央电视台西部频道，并开始主持综艺娱乐节目《魅力12》。2004年，因主持第十一届青歌赛使其事业脚步稳步前进；随后，调入央视综艺频道，并开始主持户外歌会节目《欢乐中国行》；亦凭借其大方亲和的主持风格获得观众喜爱。
33,董明珠,1_data/ChineseStimuli/CelebrityText/董明珠.txt,135,12613,136,2,董明珠，女，1954年8月出生于江苏省南京市，企业家，先后毕业于安徽芜湖干部教育学院、中南财经政法大学EMBA2008级、中国社会科学院经济学系研究生班、中欧国际工商学院EMBA。珠海格力电器股份有限公司董事长。第十届、第十一届、第十二届、第十三届和第十四届全国人大代表。
34,贾玲,1_data/ChineseStimuli/CelebrityText/贾玲.txt,51,5499,295,3,2003年，获得“首届北京相声小品邀请赛”专业组一等奖。2006年，参加中央电视台举办的相声大赛，并获得专业组二等奖。2010年，首次登上中央电视台春节联欢晚会的舞台。2012年，在由其策划的话剧《爱还爱还有》中一人分饰五角。2014年，主演都市轻喜剧《你是我的眼》。2015年，参加中央电视台春节联欢晚会，表演小品《喜乐街》；同年，发行个人首支音乐单曲《感觉自己萌萌哒》。2016年，获得网易时尚跨界盛典“年度最佳喜剧人奖”；同年，主演古装网络喜剧《欢喜密探》。2018年，担任室内竞技综艺节目《王牌对王牌第三季》的固定嘉宾；同年，登上中央电视台春节联欢晚会的舞台，表演小品《真假老师》。
35,赵丽颖,1_data/ChineseStimuli/CelebrityText/赵丽颖.txt,71,10474,233,3,2006年在《雅虎搜星》活动中她获得冯小刚组冠军，后签约华谊兄弟传媒。接着参演冯小刚执导的广告，进入演艺圈 。2011年在《新还珠格格》中出演晴儿崭露头角 。2013年凭借《陆贞传奇》中陆贞角色获得更多关注 。2014年当选第10届中国金鹰电视艺术节的“金鹰女神” ；12月，通过《杉杉来了》中薛杉杉一角 赢得国剧盛典内地最具人气女演员奖 。2015年主演的《花千骨》 创下收视纪录 ，为她赢得澳门国际电视节最佳女主角奖、中国电视金鹰奖观众喜爱的女演员奖等多项提名与得奖 [6-8]。
36,迪丽热巴,1_data/ChineseStimuli/CelebrityText/迪丽热巴.txt,52,7543,191,3,2013年，迪丽热巴因主演个人首部电视剧《阿娜尔罕》而出道。2014年，主演奇幻剧《逆光之恋》。2015年，凭借爱情剧《克拉恋人》赢得高人气，并获得国剧盛典最受欢迎新人女演员奖。2016年，主演现代剧《麻辣变形计》；同年，主演都市爱情励志喜剧《漂亮的李慧珍》，还凭借喜剧片《傲娇与偏见》获得中英电影节最佳新人奖。2017年，凭借玄幻剧《三生三世十里桃花》获得白玉兰奖最佳女配角提名。
37,邓超,1_data/ChineseStimuli/CelebrityText/邓超.txt,46,8243,292,3,2000年，邓超因出演个人首部电视剧《黄沙下面是沃土》而正式进入演艺圈。2003年，凭借在清宫剧《少年天子》中饰演的顺治皇帝而获得广泛关注。2005年，主演个人首部军旅剧《幸福像花儿一样》。2006年，开始将演艺事业的重心转向大银幕。2007年，主演个人首部电影《集结号》，凭借该片获得第29届大众电影百花奖最佳男配角奖。2008年，其主演的爱情悬疑片《李米的猜想》上映。2010年，在武侠片《狄仁杰之通天帝国》中饰演裴东来并突破银幕形象，凭借该片提名第30届香港电影金像奖最佳男配角奖。2013年，主演的剧情片《中国合伙人》以5.37亿的中国内地票房成为该年度上半年华语片票房季军。
38,那英,1_data/ChineseStimuli/CelebrityText/那英.txt,62,11293,355,3,1988年，因参加“阳光杯”通俗歌曲比赛获得金奖而被谷建芬发掘 。1990年，凭借歌曲《山不转水转》获得全国青年歌手新人奖 。1994年，发行首张个人音乐专辑《为你朝思暮想》 。1998年，她的音乐专辑《征服》在全球取得200万张销量，创下该年度普通话专辑的最高销量纪录 。1999年，获得第1届CCTV-MTV音乐盛典最佳女歌手奖 ；同年，发行第4张个人音乐专辑《干脆》 。2001年，凭借专辑《心酸的浪漫》和同名歌曲《心酸的浪漫》分别获得第12届台湾金曲奖最佳国语女歌手奖、最佳作词人奖 ；同年，发行第6张个人音乐专辑《我不是天使》 。2002年，获得第1届MTV亚洲大奖中国内地最受欢迎歌手奖 ；同年，发行第7张个人音乐专辑《如今》 。2004年，主演个人首部电视剧《好想好想谈恋爱》 。2006年，因结婚生子而逐渐隐退乐坛。
39,郎朗,1_data/ChineseStimuli/CelebrityText/郎朗.txt,81,12672,575,3,1997年与IMG经纪公司签约，开启职业演出生涯。2001在人民大会堂进行100周年百年庆典巡演，2002年获得伯恩斯坦艺术成就大奖。2003年，推出个人钢琴演奏专辑《柴可夫斯基/门德尔松协奏曲名录》。2005年，在白宫举行个人专场独奏会。2006年，推出个人钢琴演奏专辑《黄河之子》。2008年，获颁美国录音师协会“艺术荣誉奖”。2010年，获得国际门德尔松大奖，成为首位获奖中国人。进入21世纪第二个十年，他不仅获得“全英古典音乐奖”年度国际艺术家奖，还被授予“联合国和平使者”称号。2015年，凭借专辑《莫扎特》获得“德国古典回声大奖颁奖典礼”年度器乐演奏家大奖（钢琴类）。2017年，获得“商业星力量巅峰人物年度盛典”年度实力音乐人奖。2019年，获得“法国胜利大奖”，成为首位中国获奖者。同年，发布钢琴专辑《钢琴书》。2021年，获得微博年度古典音乐人奖项。2022年，在法国巴黎举行《郎朗的迪士尼》发布会。2023年，他积极参与社会活动，担任山东艺术学院名誉教授，并在多个重要场合献艺，如杭州第19届亚运会歌曲MV发布；还发布新专辑《水族馆》。2024年，郎朗新专辑《郎朗：圣-桑》全球发行，该专辑发行首周即登顶美国公告牌（Billboard）传统古典专辑榜冠军位置，同时，获得英国官方排行榜古典艺术家专辑榜冠军和德国古典音乐专辑榜冠军。
40,郭晶晶,1_data/ChineseStimuli/CelebrityText/郭晶晶.txt,68,7477,496,2,郭晶晶7岁时开始练习跳水。1992年，入选河北省跳水队，成为专业运动员。1993年，入选中国国家跳水队。1996年亚特兰大奥运会，年仅15岁的郭晶晶第一次登上奥运会舞台。2000年悉尼奥运会，夺得女子单人三米板和女子双人三米板2枚银牌。2001年7月，在日本福冈举行的第九届世界游泳锦标赛上，夺得女子单人三米板冠军，职业生涯首次登上世界冠军领奖台。2004年雅典奥运会，包揽女子三米板单人和女子三米板双人两枚金牌，成为新一代“跳水女皇”。2008年北京奥运会，成功卫冕女子单人三米板和女子双人三米板两枚金牌，至此以4枚金牌成为中国获得奥运会金牌第二多的选手，并成为自1912年夏季奥运会设立女子跳水项目以来第一位在该项目上获得6枚奖牌的女子运动员。2009年7月21日，在罗马游泳世锦赛上，夺得女子单人三米板和女子双人三米板冠军，连续第五次在世锦赛上包揽了3米板单人、双人金牌，成为世锦赛双料五连冠第一人。2011年1月22日，郭晶晶正式宣布退役。2016年，入选国际游泳名人堂。2024年7月，以跳水裁判的身份参加2024年巴黎奥运会。2025年4月18日，受聘为“北京景山学校体育校长”。
41,金星,1_data/ChineseStimuli/CelebrityText/金星.txt,65,10210,267,2,1985年，获得第1届桃李杯舞蹈比赛少年男子组金奖，被记二等功。1988年，获得亚洲文化协会提供的全额奖学金，赴纽约学习现代舞。1991年，凭借舞蹈《半梦》获得美国舞蹈节最佳编舞。1993年，回国发展，并受聘于中华人民共和国文化部。1995年，与北京市文化局联合创建北京现代舞团，担任舞团首任艺术总监。1998年，由其编舞的《红与黑》获得第8届文华奖舞蹈类新节目奖。1999年，创建中国第1家民营现代舞蹈团体：金星舞蹈团。2002年，被联合国聘为东方文化艺术上海中心的艺术顾问。2004年，以现代舞剧《海上探戈》为主舞在欧洲进行巡演。
42,钟南山,1_data/ChineseStimuli/CelebrityText/钟南山.txt,85,11907,159,2,钟南山，1936年10月20日出生于江苏南京，祖籍福建厦门，中共党员，呼吸病学专家 ，广州医科大学附属第一医院 国家呼吸系统疾病临床医学研究中心主任，广州医科大学教授，中国工程院院士 ，中国医学科学院学术咨询委员会学部委员 ，中国抗击非典型肺炎、新冠肺炎疫情的领军人物，第十一、十二届全国人大代表，第八、九、十届全国政协委员 。
43,陈奕迅,1_data/ChineseStimuli/CelebrityText/陈奕迅.txt,58,9635,295,3,1995年，因获得第14届新秀歌唱大赛冠军而正式出道 。1996年，发行个人首张音乐专辑《陈奕迅》 。1997年，主演个人首部电影《旺角大家姐之冤魂不散》。1998年，凭借音乐专辑《我的快乐时代》获得广泛关注 。2001年，在音乐专辑《反正是我》中尝试流行摇滚风格 。2003年，发行个人首张概念音乐专辑《黑白灰》 ；同年，凭借音乐专辑《Special Thanks to》获得第14届台湾金曲奖最佳国语男歌手奖、最佳流行音乐演唱专辑奖 。2005年，发行粤语专辑《U87》 ，该专辑被美国《时代》杂志评为“亚洲最值得购买的五大唱片”之一 。2006年起，连续两年在十大劲歌金曲颁奖典礼上获得最受欢迎男歌星奖 。
44,雷军,1_data/ChineseStimuli/CelebrityText/雷军.txt,157,13887,99,1,雷军，1969年12月16日出生于湖北省仙桃市剅河镇赵湾村四组，小米科技有限责任公司创始人、董事长、首席执行官（CEO），中华人民共和国第十二、十三、十四届全国人民代表大会代表，中国民间商会副会长。
45,韩红,1_data/ChineseStimuli/CelebrityText/韩红.txt,63,5586,439,3,1995年，韩红凭借其深情演绎的歌曲《喜马拉雅》成功摘得中央电视台音乐电视大赛铜奖第一名。三年后，她正式发行个人首张音乐专辑《雪域光芒》。2003年，韩红获得第5届CCTV-MTV音乐盛典“内地年度最佳女歌手奖”；随后，成功举办举行个人首场演唱会。2005年的春节联欢晚会上，韩红演唱歌曲《天路》，并获得“2005我最喜爱的春节晚会节目”歌舞类三等奖；随后，她发行音乐专辑《感动》。2009年，韩红获得第13届中国青年五四奖章。2015年，韩红再度发行音乐专辑《我爱故我在》。2017年，她的个人首部原创音乐剧《阿尔兹记忆的爱情》首演，获得了业内外的好评；同年，受邀参加美国戏剧界的“托尼奖”，这是中国音乐人首次获取“托尼奖”。2022年，韩红推出个人首张器乐演奏专辑《晨雾》。次年，她为电影《满江红》创作全片配乐，并因出色的音乐创作能力获金鸡奖提名。2024年，在中央广播电视总台春节联欢晚会上演唱歌曲《无我》。同年，由韩红作曲，陈萨演奏，共同发行钢琴套曲专辑《沉默的光影》。
46,马云,1_data/ChineseStimuli/CelebrityText/马云.txt,182,18589,103,1,马云，1964年9月10日出生于浙江杭州 ，祖籍浙江省嵊县（现嵊州市）谷来镇 ，汉族，中共党员 ，阿里巴巴主要创始人之一 ，阿里巴巴原首席执行官（CEO） 、董事局原主席 ，中国人民政治协商会议第十届浙江省委员会委员 。
47,马龙,1_data/ChineseStimuli/CelebrityText/马龙.txt,118,12522,131,1,马龙，男，1988年10月20日出生于辽宁省鞍山市，国际级运动健将 ，中国乒乓球运动员，中国男子乒乓球队运动员兼队长 ，2017年本科毕业于上海交通大学 ，是首位集奥运会、世锦赛、世界杯、亚运会、亚锦赛、亚洲杯、巡回赛总决赛、全运会单打冠军于一身的超级全满贯男子选手 。
48,魏大勋,1_data/ChineseStimuli/CelebrityText/魏大勋.txt,48,6685,319,3,2008年，出演个人首部电视剧《苏菲日记》，从而正式进入演艺圈 。2010年，在革命历史剧《毛岸英》中饰演毛岸青，从而受到关注。2014年5月23日，魏大勋正式签约JYP Entertainment成为旗下签约艺人 ；同年，主演家庭情感剧《因为爱情有幸福》 。2015年，获得“亚洲影响力·东方盛典”最具潜力新人奖 。2016年，在民国穿越剧《相爱穿梭千年2：月光下的交换》中分别饰演男主角孙祺龙、张志刚 。2017年，合约到期成立个人工作室，同年获得网易时尚年度跨界盛典最具潜力男演员奖 。2018年，领衔主演都市悬疑推理剧《青春警事》 。2019年，相继主演电影《小小的愿望》《大约在冬季》《亲爱的新年好》。2020年，特别出演职场剧《平凡的荣耀》 。
49,鹿晗,1_data/ChineseStimuli/CelebrityText/鹿晗.txt,77,9697,546,3,2008年，赴韩国留学期间在明洞逛街时，被韩国SM娱乐有限公司的星探发掘成为旗下练习生 。2012年4月，作为韩国男子组合EXO/EXO-M成员正式出道，担任主唱、领舞、门面担当 。2014年，申请与SM公司进行“专属合同效力不存在确认” 。2016年，与SM公司达成和解 。2015年，主演的电影《重返20岁》《我是证人》上映，凭借在电影《重返20岁》中的表现获得第22届北京大学生电影节最受欢迎男演员奖 ；同年，发行个人首张音乐专辑《Reloaded》，获得国际唱片业协会（IFPI）“白金唱片”销量认证 。2016年，主演的电影《盗墓笔记》《长城》上映 ；同年，登上“中国90后10大影响力人物”榜首并以2.7亿财富居“中国90后富豪榜”第五位 。2017年，参加中央电视台春节联欢晚会演唱歌曲《爱你一万年》 ；同年，主演的古装玄幻剧《择天记》播出 。2018年，主演的青春励志剧《甜蜜暴击》播出 。2019年，主演的科幻战争电影《上海堡垒》上映。2020年，担任综艺节目《创造营2020》的教练 ；9月2日，主演的科幻悬疑剧《在劫难逃》播出 ；11月，参加综艺节目《哈哈哈哈哈》 。2021年，获得新浪微博之夜微博年度风云音乐人 。2024年1月，发布歌曲《1.1》 ；同年，参加的励志旅行真人秀《5哈第四季》播出 。
50,黄晓明,1_data/ChineseStimuli/CelebrityText/黄晓明.txt,104,16793,308,3,1998年，黄晓明主演首部都市剧《爱情不是游戏》而进入演艺圈。2001年，凭借古装历史剧《大汉天子》获得更多关注。2004年，凭借古装剧《大汉天子2》刘彻一角获第4届中国电视艺术双十佳演员奖。2005年，开始入选“福布斯中国名人榜”。2006年，主演武侠剧《神雕侠侣》；同年，主演古装片《夜宴》。2007年，凭借民国剧《新上海滩》获第13届上海电视节白玉兰奖最佳男演员提名。同年；发行个人首张专辑《It's Ming》。2008年，将重心开始转向电影。凭借在《风声》《赵氏孤儿》等影片中突出表现赢得瞩目。2009年，凭借歌曲《好人卡》获第9届北京流行音乐典礼年度金曲奖。2012年，担任第11届中国长春电影节形象大使。
