label,moderator,level,k_re,n,secs,converged,singular,logLik,AIC,semXfam,semXfam_se,semXfam_z,semXfam_p,semXfam_raw,visXfam,visXfam_se,visXfam_z,visXfam_p,visXfam_raw,fam_sd,lrt_chisq,lrt_df,lrt_p,mod
fam_cn_attractive,fam,L0,63,381419,1143.9259250164,True,False,-646254.660330256,1292651.32066051,-0.0066042420321905,0.0105542372258744,-0.625743186442673,0.531483401841482,-0.0042857211719182,-0.0027853749906843,0.0111601685932671,-0.249581802228753,0.802910773020669,-0.0018075262098393,1.54098733148209,,,,fam
fam_cn_attractive,fam,L1,41,381419,815.306955814362,True,False,-646463.102986841,1293024.20597368,-0.0126181917532216,0.0076372125686285,-1.65219857897545,0.0984940760500499,-0.0081883812380765,-0.0156416860173035,0.0060946586155343,-2.56645810766746,0.0102743035105818,-0.0101504312837275,1.54098733148209,416.885313171195,22.0,1.33613352120403e-74,fam
fam_cn_attractive,fam,L2,33,381419,537.106162309647,True,False,-647613.007074847,1295308.01414969,0.0234372696104309,0.0072956847155192,3.21248388935661,0.0013159252873702,0.0152092552168417,-0.0249634521403491,0.0059644072264223,-4.18540371116196,2.84659719143655e-05,-0.0161996478688373,1.54098733148209,2299.80817601131,8.0,0.0,fam
fam_cn_attractive,fam,L3,23,381419,283.153188943863,True,False,-654943.252186624,1309948.50437325,0.0582652294523824,0.0079705627740676,7.31005213859543,2.67038748376835e-13,0.0378103234608321,-0.0197451595688345,0.0062861157787196,-3.14107475329642,0.0016832906188326,-0.0128133172579972,1.54098733148209,14660.4902235544,10.0,0.0,fam
fam_cn_attractive,fam,L4,12,381419,148.987465858459,True,False,-656115.358074248,1312270.7161485,0.0537301036062298,0.0030136487653224,17.8289202857654,4.21482270759652e-71,0.0348673233767297,-0.0185682525151072,0.0027776653847104,-6.6848413841767,2.3117489456605696e-11,-0.0120495815479862,1.54098733148209,2344.21177524701,11.0,0.0,fam
fam_cn_attractive,fam,L5,8,381419,116.008908510208,True,False,-658093.433217553,1316218.86643511,0.0531202214422612,0.0030174962315812,17.604072172917,2.29233304034284e-69,0.0344715497376421,-0.0198922219977029,0.0027966677677093,-7.11282985679627,1.13687400097701e-12,-0.0129087511566828,1.54098733148209,3956.15028661117,4.0,0.0,fam
fam_cn_attractive,fam,L6,3,381419,64.0653374195099,True,False,-663554.760195713,1327131.52039143,0.0432617491273826,0.0025460596958073,16.991647603009,9.4691536810819e-65,0.0280740459337679,-0.0128690212127261,0.0024243783480621,-5.30817362851503,1.10729138740039e-07,-0.0083511531534454,1.54098733148209,10922.6539563194,5.0,0.0,fam
fam_cn_charismatic,fam,L0,63,378918,1272.73263716698,True,False,-630491.376215717,1261124.75243143,-0.0258863857551317,0.0102565656902506,-2.52388436216404,0.01160661011084,-0.0168093487375087,0.0057055598038821,0.0074684335854132,0.763956690332734,0.444893052367915,0.0037049105809278,1.53999932771746,,,,fam
fam_cn_charismatic,fam,L1,41,378918,757.526707649231,True,False,-630678.103639856,1261454.20727971,-0.0219305474532084,0.0073750944770677,-2.97359545988185,0.0029433283774328,-0.0142406214460582,-0.0092810113875453,0.0050257130869227,-1.84670537832634,0.0647898517930174,-0.0060266334020426,1.53999932771746,373.454848278081,22.0,1.20613207635296e-65,fam
fam_cn_charismatic,fam,L2,33,378918,543.591908454895,True,False,-631892.857456916,1263867.71491383,-0.0085271251855984,0.0070291629620472,-1.21310677126697,0.225089001489111,-0.0055370966935661,-0.0129104966989119,0.0048409422372824,-2.66693880366553,0.0076545608464276,-0.0083834430746456,1.53999932771746,2429.50763411913,8.0,0.0,fam
fam_cn_charismatic,fam,L3,23,378918,275.03409576416,True,False,-633295.012504763,1266652.02500953,0.0121648215019448,0.0070391853177261,1.72815758541137,0.0839599756590167,0.0078992381899121,-0.0088402368274619,0.0047050656521101,-1.8788764028186,0.0602613715766637,-0.0057404160302879,1.53999932771746,2804.31009569438,10.0,0.0,fam
fam_cn_charismatic,fam,L4,12,378918,144.991206884384,True,False,-634088.356369315,1268216.71273863,0.013753631386183,0.0028758651003311,4.78243273114558,1.73186352357318e-06,0.0089309333703205,-0.0107850348549733,0.0026324901512906,-4.09689466442477,4.18729318654077e-05,-0.0070032724436046,1.53999932771746,1586.68772910372,11.0,0.0,fam
fam_cn_charismatic,fam,L5,8,378918,131.016215801239,True,False,-637050.926787647,1274133.85357529,0.0144735829531506,0.0028846258640714,5.01749052916072,5.235078141398e-07,0.0093984345919182,-0.0117766231734589,0.0026614043507359,-4.42496577801211,9.64575729313837e-06,-0.0076471612431895,1.53999932771746,5925.14083666401,4.0,0.0,fam
fam_cn_charismatic,fam,L6,3,378918,65.7204012870789,True,False,-640248.977162333,1280519.95432467,0.0033631915359266,0.0024282312173287,1.38503759935451,0.166040970699934,0.0021838915611161,-0.014393189741495,0.0023129432280831,-6.22288933283646,4.88081669461654e-10,-0.009346231184937,1.53999932771746,6396.10074937157,5.0,0.0,fam
fam_cn_competent,fam,L0,63,374705,1230.19414663315,True,False,-574391.749281738,1148925.49856348,0.044146447854142,0.0094468481719035,4.67314040099013,2.96628840210546e-06,0.0287195406688729,-0.0061455420232143,0.0068249093808171,-0.900457673546214,0.36787674049731,-0.003997991970976,1.53715716985646,,,,fam
fam_cn_competent,fam,L1,41,374705,769.803856134415,True,False,-574550.229974114,1149198.45994823,0.050103905502644,0.0069405221696145,7.21903976072541,5.23559470616038e-13,0.0325951740558337,-0.0003104250246151,0.0050238708834389,-0.0617900085048875,0.950730060342356,-0.0002019474850734,1.53715716985646,316.961384752998,22.0,4.37343401420235e-54,fam
fam_cn_competent,fam,L2,33,374705,518.542331933975,True,False,-576384.079916887,1152850.15983377,-0.0239865968262743,0.0067162337704685,-3.57143566558748,0.000355029762404,-0.0156045180653285,0.0222334416138857,0.0048720493675949,4.56346804729959,5.03154706298439e-06,0.0144640002010737,1.53715716985646,3667.6998855453,8.0,0.0,fam
fam_cn_competent,fam,L3,23,374705,303.543323278427,True,False,-578137.551100411,1156337.10220082,-0.0383724070585586,0.0069463619086854,-5.52410133001839,3.31176299745543e-08,-0.0249632294023271,0.0264851334476912,0.0047759930471343,5.54547152525333,2.93163044674817e-08,0.0172299449705357,1.53715716985646,3506.94236704684,10.0,0.0,fam
fam_cn_competent,fam,L4,12,374705,169.749441862106,True,False,-578962.806190166,1157965.61238033,-0.0432601131037922,0.0025519027271244,-16.952101129865,1.85697056202504e-64,-0.028142934211361,0.0254235721492226,0.0023173871060204,10.9707920973469,5.28077317387776e-28,0.0165393446082008,1.53715716985646,1650.51017951034,11.0,0.0,fam
fam_cn_competent,fam,L5,8,374705,118.917349100113,True,False,-583015.78130833,1166063.56261666,-0.0403589782036639,0.0025624644334866,-15.75006375747,6.861210549666949e-56,-0.0262555963665269,0.0250916561365031,0.0023398274549312,10.7237207100983,7.87694909238797e-27,0.0163234161272176,1.53715716985646,8105.95023632795,4.0,0.0,fam
fam_cn_competent,fam,L6,3,374705,63.9487307071686,True,False,-585372.84457351,1170767.68914702,-0.0473368323858371,0.0021494079401998,-22.0231960162182,1.7264800904042898e-107,-0.0307950503137278,0.0209575164652765,0.0020478097910218,10.2341128346781,1.3946754087482002e-24,0.0136339451008992,1.53715716985646,4714.12653035973,5.0,0.0,fam
fam_cn_critical,fam,L0,63,379789,1319.67847752571,False,,,,,,,,,,,,,,1.53699262333204,,,,fam
fam_cn_critical,fam,L1,41,379789,1421.19225215912,False,,,,,,,,,,,,,,1.53699262333204,,,,fam
fam_cn_critical,fam,L2,33,379789,609.53409576416,True,False,-658437.590142592,1316957.18028518,0.009594987068302,0.005867291149776,1.63533508451652,0.101978822578607,0.0062427020941071,-0.0046088892227108,0.0043087595718573,-1.06965569692349,0.284774314915774,-0.0029986410817764,1.53699262333204,,,,fam
fam_cn_critical,fam,L3,23,379789,463.577493906021,False,,,,,,,,,,,,,,1.53699262333204,,,,fam
fam_cn_critical,fam,L4,12,379789,159.389743804932,True,False,-660027.09130671,1320094.18261342,0.0102676971103244,0.0030697733538823,3.34477367761979,0.0008234973895293,0.0066803815154721,-0.0023480792963903,0.0027710720516623,-0.847354111554681,0.396797773944802,-0.0015277101924535,1.53699262333204,,,,fam
fam_cn_critical,fam,L5,8,379789,127.830049753189,True,False,-661425.362613509,1322882.72522702,0.0113732305553521,0.0030627014958225,3.71346361075836,0.0002044418728219,0.0073996650229173,-0.0031857865332337,0.0027854251869013,-1.1437343742762,0.25273381319265,-0.0020727402883218,1.53699262333204,2796.54261359712,4.0,0.0,fam
fam_cn_critical,fam,L6,3,379789,63.0304384231567,True,False,-663602.521923017,1327227.04384603,0.011647998187089,0.0025716602675699,4.52936895824719,5.91601123003869e-06,0.0075784346718837,-0.002785156603128,0.0024491026383999,-1.13721514135792,0.255448358762131,-0.0018120819585263,1.53699262333204,4354.31861901563,5.0,0.0,fam
fam_cn_feminine,fam,L0,63,373388,1090.02255725861,True,False,-703988.494879275,1408118.98975855,0.0353417163629992,0.0377760733903525,0.935558230147472,0.349500689119725,0.0230097848755079,0.0412312235593716,0.0279925342322587,1.47293643431028,0.140768176634288,0.0268442419295848,1.53594292837642,,,,fam
fam_cn_feminine,fam,L1,41,373388,636.104436159134,True,False,-705933.809049896,1411965.61809979,0.0439473808509992,0.0066036406461503,6.65502307073882,2.8325561770779497e-11,0.0286126392062328,0.0353825376003141,0.0069117831094596,5.11916202229908,3.06896223269001e-07,0.0230363621893916,1.53594292837642,3890.6283412436,22.0,0.0,fam
fam_cn_feminine,fam,L2,33,373388,494.641997098923,True,False,-706902.10156193,1413886.20312386,-0.0069649416968289,0.0059521593054861,-1.17015377770708,0.241939090094586,-0.0045346357394875,0.0441520201016037,0.0067452449125676,6.54565114742394,5.923671188153959e-11,0.0287458728354411,1.53594292837642,1936.5850240679,8.0,0.0,fam
fam_cn_feminine,fam,L3,23,373388,292.761006355286,True,False,-750774.703171898,1501611.4063438,-0.099024699338672,0.0084236159970399,-11.7556046445457,6.60859777371557e-32,-0.0644716008057322,0.176544130308992,0.0101019331323513,17.4762719170662,2.17246624255956e-68,0.114941855616737,1.53594292837642,87745.2032199348,10.0,0.0,fam
fam_cn_feminine,fam,L4,12,373388,127.886086702347,True,False,-751507.542256587,1503055.08451317,-0.0870978922332528,0.0040168240866896,-21.6832727432264,2.95129201230919e-104,-0.0567064639083434,0.167429282820634,0.0037818156286121,44.2721960197933,0.0,0.109007489619173,1.53594292837642,1465.67816937878,11.0,8.09809318219175e-308,fam
fam_cn_feminine,fam,L5,8,373388,123.241768360138,True,False,-751580.385673152,1503192.7713463,-0.0893027859674082,0.0039863406473506,-22.4021963669262,3.74645915404776e-111,-0.0581419949384488,0.1674994564253,0.0037772721313684,44.3440267473178,0.0,0.10905317725728,1.53594292837642,145.686833129032,4.0,1.70929855441708e-30,fam
fam_cn_feminine,fam,L6,3,373388,57.6872267723083,True,False,-754326.326527143,1508674.65305429,-0.0540055954388061,0.0034026393023752,-15.8716780239114,9.95435369039267e-57,-0.0351611993135012,0.141109729316347,0.0032458228572701,43.4742546101315,0.0,0.0918717269433365,1.53594292837642,5491.88170798332,5.0,0.0,fam
fam_cn_practical,fam,L0,63,378854,1257.27787780762,False,,,,,,,,,,,,,,1.53795901193852,,,,fam
fam_cn_practical,fam,L1,41,378854,747.988484144211,True,False,-604113.723376068,1208325.44675214,0.0483597732342783,0.0060710250213846,7.96566857555931,1.6433283914611802e-15,0.0314441235812411,-0.0047528199141702,0.0050461472532681,-0.941871030634712,0.346258673417048,-0.003090342380568,1.53795901193852,,,,fam
fam_cn_practical,fam,L2,33,378854,595.794640779495,True,False,-605305.21591695,1210692.4318339,-0.0127544672998287,0.0057275147201851,-2.226876389314,0.0259555362213143,-0.008293112625773,0.0163181264338128,0.0049068452732612,3.32558406166481,0.0008823348948325,0.010610247937131,1.53795901193852,2382.98508176371,8.0,0.0,fam
fam_cn_practical,fam,L3,23,378854,294.613072633743,True,False,-607330.716009157,1214723.43201831,-0.0244679601613735,0.006054687934582,-4.04115958175511,5.31875476268519e-05,-0.0159093707773999,0.0164456859264487,0.004861773292752,3.38265174786447,0.0007178960414766,0.0106931886993007,1.53795901193852,4051.00018441374,10.0,0.0,fam
fam_cn_practical,fam,L4,12,378854,139.031447887421,True,False,-607898.657631703,1215837.31526341,-0.0332698117385328,0.0026953953453798,-12.3432029351687,5.3004554374997e-35,-0.0216324436999123,0.0201034445740264,0.0024669308407247,8.14917234085093,3.66423435190304e-16,0.0130715086799921,1.53795901193852,1135.88324509212,11.0,1.0593654299418601e-236,fam
fam_cn_practical,fam,L5,8,378854,125.314036846161,True,False,-610529.656340555,1221091.31268111,-0.0290558817717695,0.0026908950330106,-10.7978503120059,3.52356468587505e-27,-0.0188924942382866,0.0194899389193628,0.0024833057190859,7.84838482413551,4.21429395783946e-15,0.0126725997039392,1.53795901193852,5261.99741770537,4.0,0.0,fam
fam_cn_practical,fam,L6,3,378854,60.5638201236725,True,False,-613716.651558109,1227455.30311622,-0.0287192462346201,0.0022639256232768,-12.6855961783106,7.10710011521765e-37,-0.0186736096421848,0.017345285677952,0.0021574407491443,8.03975065587844,9.00214628728211e-16,0.0112781196009178,1.53795901193852,6373.99043510808,5.0,0.0,fam
fam_cn_strong,fam,L0,63,383109,1238.52290248871,True,False,-610941.109553551,1222024.2191071,0.0230790720499756,0.0118736983272346,1.94371386352636,0.0519299658798889,0.0149976563569418,-0.002949671392079,0.0114110865559885,-0.258491720101014,0.796027438253816,-0.0019168083451756,1.53884523692885,,,,fam
fam_cn_strong,fam,L1,41,383109,759.7521007061,True,False,-611399.080393458,1222896.16078692,0.0339930966566094,0.0060605821110467,5.60888311283659,2.03636493227052e-08,0.0220900034914825,-0.0112522525723661,0.0057149924429234,-1.96890069142597,0.0489644961499059,-0.0073121404949225,1.53884523692885,915.941679814365,22.0,1.45872398727935e-179,fam
fam_cn_strong,fam,L2,33,383109,576.338702201843,True,False,-611999.059681193,1224080.11936239,-0.0011691027236442,0.005684907544791,-0.205650261579973,0.837064113497996,-0.0007597272913405,0.0055024331739779,0.0055940069891856,0.98363001415895,0.325297462078601,0.0035756897717404,1.53884523692885,1199.95857546921,8.0,9.78896905275913e-254,fam
fam_cn_strong,fam,L3,23,383109,278.693557500839,True,False,-619746.560947599,1239555.1218952,-0.031353829968976,0.0055795796941626,-5.61938921703695,1.91633708870978e-08,-0.0203749078962291,0.0293941778307141,0.0057724378481505,5.09216012436266,3.54006928448769e-07,0.0191014516114548,1.53884523692885,15495.0025328118,10.0,0.0,fam
fam_cn_strong,fam,L4,12,383109,158.37021613121,True,False,-620393.124553968,1240826.24910794,-0.0297519307182284,0.0027233981190334,-10.9245616754659,8.796407539203809e-28,-0.0193339330065483,0.0274828355939149,0.0025209106834744,10.9019473692882,1.12816538138342e-27,0.0178593889329403,1.53884523692885,1293.12721273745,11.0,1.3580504806762499e-270,fam
fam_cn_strong,fam,L5,8,383109,148.899100065231,True,False,-621783.027193894,1243598.05438779,-0.029130786824564,0.0027141355776445,-10.7329888250627,7.12535493865365e-27,-0.018930290145812,0.0269509047942262,0.0025263709429066,10.6678335855218,1.43943311817362e-26,0.0175137201243275,1.53884523692885,2779.80527985212,4.0,0.0,fam
fam_cn_strong,fam,L6,3,383109,61.3792057037354,True,False,-626367.481647093,1252756.96329419,-0.0117479182272705,0.0022881419578702,-5.13426109200211,2.83254648620863e-07,-0.0076342428369966,0.0163332706070858,0.0021775623485346,7.50071317961451,6.34715388957097e-14,0.0106139787258158,1.53884523692885,9168.90890639857,5.0,0.0,fam
fam_cn_traitspace,fam,L0,63,389137,1236.77927279472,True,False,-766944.309689132,1534030.61937826,0.0535780198271361,0.0197972332137941,2.70633877211713,0.0068029607218349,0.0347969408725055,0.0282932539074715,0.0158072583501397,1.78989001639373,0.0734715941264978,0.0183754212359008,1.53973362266079,,,,fam
fam_cn_traitspace,fam,L1,41,389137,717.24973487854,True,False,-767354.778228859,1534807.55645772,0.0611539409146883,0.010408410757652,5.8754350052653,4.21734411198399e-09,0.0397172212223366,0.0159468326740386,0.0069865119248143,2.28251706225525,0.0224588313089816,0.0103568776048945,1.53973362266079,820.937079454074,22.0,2.08688473651746e-159,fam
fam_cn_traitspace,fam,L2,33,389137,545.553696870804,True,False,-768863.040161262,1537808.08032252,-0.0135362556373236,0.0099932720488483,-1.35453688953495,0.175565152539675,-0.0087912970387253,0.0377515360488112,0.0067660342823468,5.57956617915875,2.41119195027426e-08,0.0245182254210786,1.53973362266079,3016.52386480616,8.0,0.0,fam
fam_cn_traitspace,fam,L3,23,389137,300.653340101242,True,False,-780073.682280468,1560209.36456094,-0.0467118800291472,0.0103694482040485,-4.5047604375814,6.64478602334035e-06,-0.0303376372001445,0.0935430665409281,0.0065293615880697,14.3265256915541,1.4941041695337901e-46,0.0607527595450425,1.53973362266079,22421.2842384102,10.0,0.0,fam
fam_cn_traitspace,fam,L4,12,389137,145.651221990585,True,False,-780906.262192214,1561852.52438443,-0.0516149485288537,0.0039734047291214,-12.9901059790268,1.39234124230527e-38,-0.0335219987205701,0.09512656368125,0.0036684751675411,25.93081848364,2.9928165262317904e-148,0.0617811823300081,1.53973362266079,1665.15982349357,11.0,0.0,fam
fam_cn_traitspace,fam,L5,8,389137,127.209957361221,True,False,-783299.136876226,1566630.27375245,-0.0475629699227452,0.0039680549991856,-11.9864694245687,4.18359377064204e-33,-0.0308903885858857,0.093319826320514,0.0036872160918512,25.3090201376458,2.54146482116338e-141,0.0606077732843487,1.53973362266079,4785.74936802313,4.0,0.0,fam
fam_cn_traitspace,fam,L6,3,389137,62.2460761070251,True,False,-787052.611543987,1574127.22308797,-0.0390770343521695,0.0033411582302875,-11.6956551168206,1.3414797199707201e-31,-0.0253790875103715,0.0827595373003784,0.0031836322241967,25.9953196450822,5.59388973211488e-149,0.0537492564183687,1.53973362266079,7506.94933552225,5.0,0.0,fam
fam_cn_trustworthy,fam,L0,63,381025,1329.27069735527,True,False,-612995.060035313,1226132.12007063,0.0204244420507294,0.0077475457486231,2.63624671778918,0.0083828756422682,0.0132574515977204,-0.0028799170827541,0.0059098543403903,-0.487307625007212,0.626040344965332,-0.001869346601255,1.54060091414864,,,,fam
fam_cn_trustworthy,fam,L1,41,381025,764.317035675049,True,False,-613048.672082527,1226195.34416505,0.0246995088299254,0.006686661241239,3.69384778723268,0.0002208860524976,0.0160323861962491,0.0013117068324186,0.0044140314920091,0.297167529228829,0.766338610620725,0.0008514254537772,1.54060091414864,107.224094427889,22.0,3.44302722532849e-13,fam
fam_cn_trustworthy,fam,L2,33,381025,550.214984893799,True,False,-614047.890325086,1228177.78065017,-0.0132363396746458,0.0064064039327159,-2.06611069387164,0.0388180287215199,-0.0085916732575485,0.0119385101335531,0.0042664373342535,2.79823871727906,0.0051382122087851,0.0077492555170594,1.54060091414864,1998.43648511823,8.0,0.0,fam
fam_cn_trustworthy,fam,L3,23,381025,288.058469772339,True,False,-614535.661035191,1229133.32207038,-0.021562303912504,0.0064588114736209,-3.33843215591116,0.0008425260196076,-0.0139960347384446,0.0146102418021736,0.0041152106533415,3.55030228897523,0.0003847890403394,0.0094834695137432,1.54060091414864,975.541420211084,10.0,3.4681075195873303e-203,fam
fam_cn_trustworthy,fam,L4,12,381025,148.558682918549,True,False,-615142.12495747,1230324.24991494,-0.0262213196685325,0.0026995623082385,-9.71317446110049,2.64954085854514e-22,-0.0170201896076524,0.0143872217466747,0.0024588751776828,5.85113952804732,4.88216434066846e-09,0.0093387077824923,1.54060091414864,1212.92784455838,11.0,2.64886492505624e-253,fam
fam_cn_trustworthy,fam,L5,8,381025,128.880276441574,True,False,-617829.281932392,1235690.56386478,-0.0210647025890011,0.0026977373203459,-7.80828527304486,5.797125544337031e-15,-0.0136730430285651,0.0130468604365246,0.002474598359995,5.27231434702432,1.34714082968896e-07,0.0084686827826105,1.54060091414864,5374.31394984317,4.0,0.0,fam
fam_cn_trustworthy,fam,L6,3,381025,59.5549573898315,True,False,-619772.769400115,1239567.53880023,-0.0217309161450236,0.0022725554156126,-9.56232617947656,1.15139155764725e-21,-0.0141054804949485,0.0097890683061684,0.002165464211974,4.52054033127836,6.16819919232773e-06,0.0063540584821592,1.54060091414864,3886.9749354464,5.0,0.0,fam
fam_cn_warm,fam,L0,63,381067,1343.58796858788,False,,,,,,,,,,,,,,1.54135001299354,,,,fam
fam_cn_warm,fam,L1,41,381067,706.597386598587,True,False,-633639.364113103,1267376.72822621,-0.0074744466298193,0.0064918861026653,-1.15135208961083,0.249587415594483,-0.00484928573446,0.0060756573734263,0.00428157891361,1.41902263067332,0.155892418382005,0.003941776573918,1.54135001299354,,,,fam
fam_cn_warm,fam,L2,33,381067,540.502302646637,True,False,-634179.035680793,1268440.07136159,-0.0102610919385139,0.0061544079362237,-1.6672752350586,0.0954596886507372,-0.0066572107905493,0.0042689213646854,0.0040915381629646,1.04335367156694,0.296784521876452,0.0027695989416411,1.54135001299354,1079.34313537972,8.0,1.10731177973642e-227,fam
fam_cn_warm,fam,L3,23,381067,303.955034971237,True,False,-634388.102996126,1268838.20599225,-0.0090893415168743,0.0060412361422365,-1.50454994687715,0.132439823002593,-0.0058970003180662,0.0083528857584426,0.0038407063907485,2.17483059328956,0.0296428136014183,0.0054192011470645,1.54135001299354,418.134630665649,10.0,1.2956888640432e-83,fam
fam_cn_warm,fam,L4,12,381067,154.573359727859,True,False,-634808.666910812,1269657.33382162,-0.0121113382415855,0.0028317204451719,-4.27702468378723,1.89407807920939e-05,-0.0078576171145341,0.0088309747667494,0.0025418171326998,3.47427619915732,0.0005122334707134,0.0057293766453463,1.54135001299354,841.127829371719,11.0,2.7826625790436803e-173,fam
fam_cn_warm,fam,L5,8,381067,127.874632120132,True,False,-636717.003637499,1273466.007275,-0.0088013920211208,0.0028282538090026,-3.11195268016786,0.0018585428722351,-0.0057101838952381,0.0086792470840875,0.00255447920631,3.39765814599243,0.0006796529185861,0.0056309384701214,1.54135001299354,3816.67345337383,4.0,0.0,fam
fam_cn_warm,fam,L6,3,381067,60.5047771930695,True,False,-637810.859970471,1275643.71994094,-0.0050564698688339,0.0023829347135397,-2.12195065190134,0.033841882278393,-0.0032805461616167,0.0076573837773341,0.0022700608515759,3.37320639313183,0.0007429823765764,0.0049679720457926,1.54135001299354,2187.71266594436,5.0,0.0,fam
fam_cn_young,fam,L0,63,384275,1201.66061449051,True,False,-607579.293622846,1215300.58724569,0.0317220424979706,0.0160242205823942,1.97963091776356,0.0477450162387541,0.0206214868760844,-0.0004395860115057,0.0112510429048887,-0.0390706901770629,0.968834028969741,-0.0002857608291696,1.53830044790611,,,,fam
fam_cn_young,fam,L1,41,384275,1364.4225859642,False,,,,,,,,,,,,,,1.53830044790611,,,,fam
fam_cn_young,fam,L2,33,384275,659.173632860184,True,False,-608426.192597101,1216934.3851942,-0.0005252115905581,0.0055419276232786,-0.0947705611224538,0.924497070421165,-0.0003414232839059,-0.0010161561098177,0.0036734659054974,-0.276620536561149,0.782071493917704,-0.0006605706389807,1.53830044790611,,,,fam
fam_cn_young,fam,L3,23,384275,333.64376950264,True,False,-637926.581917888,1275915.16383578,0.0150754086429375,0.007086742231597,2.12726922332834,0.0333977203884192,0.009800041769121,-0.0372549506182625,0.0065487949247303,-5.68882535587975,1.27916206394461e-08,-0.0242182537676387,1.53830044790611,59000.7786415725,10.0,0.0,fam
fam_cn_young,fam,L4,12,384275,199.923900604248,True,False,-638941.837438869,1277923.67487774,0.0117624949873932,0.002828112984546,4.15913192000046,3.19459366247208e-05,0.0076464223899849,-0.0306251205114926,0.0025687018822417,-11.922411363971,9.04520633003503e-33,-0.0199084129197118,1.53830044790611,2030.51104196231,11.0,0.0,fam
fam_cn_young,fam,L5,8,384275,193.854554176331,True,False,-639540.435062447,1279112.87012489,0.0124834489414167,0.0028251827392448,4.41863415346846,9.93266184009392e-06,0.0081150915339125,-0.0308006665802864,0.0025739372042907,-11.9663628657845,5.3314932576004e-33,-0.0200225298134778,1.53830044790611,1197.19524715631,4.0,6.459740955241839e-258,fam
fam_cn_young,fam,L6,3,384275,89.2173180580139,True,False,-642270.512928729,1284563.02585746,0.0018614129653163,0.0023699592947122,0.785419804242797,0.432207473048046,0.0012100451299029,-0.0222394680894243,0.0022561297244303,-9.85735343522376,6.37064314173068e-23,-0.0144571680517262,1.53830044790611,5460.1557325644,5.0,0.0,fam
fam_us_charismatic,fam,L0,63,461680,1538.51660680771,True,False,-830401.374479745,1660944.74895949,-0.000245423217525,0.006347960896144,-0.0386617406030584,0.969160077164312,-0.0001250569512745,-0.0082395753474177,0.0042919104805148,-1.91979198653492,0.0548841794854538,-0.0041985276826538,1.9624916090132,,,,fam
fam_us_charismatic,fam,L1,41,461680,1545.50647687912,False,,,,,,,,,,,,,,1.9624916090132,,,,fam
fam_us_charismatic,fam,L2,33,461680,1476.53773665428,False,,,,,,,,,,,,,,1.9624916090132,,,,fam
fam_us_charismatic,fam,L3,23,461680,729.533066034317,False,,,,,,,,,,,,,,1.9624916090132,,,,fam
fam_us_charismatic,fam,L4,12,461680,204.084347486496,True,False,-831136.328431305,1662312.65686261,0.0048609534932494,0.0024355829987358,1.99580695700889,0.0459549392629975,0.0024769295679657,-0.015113941250452,0.0023126924132726,-6.53521461120928,6.351839292749449e-11,-0.007701404266412,1.9624916090132,,,,fam
fam_us_charismatic,fam,L5,8,461680,168.820466995239,True,False,-832448.942143498,1664929.884287,0.0052464510843674,0.0024298857753271,2.15913486042823,0.0308397058412802,0.002673362301409,-0.015500597168138,0.0023195232850145,-6.6826650408214,2.34635473170806e-11,-0.0078984272324772,1.9624916090132,2625.22742438735,4.0,0.0,fam
fam_us_charismatic,fam,L6,3,461680,83.677229642868,True,False,-833084.294163425,1666190.58832685,0.0035030452375421,0.0022412719345934,1.56297198187938,0.118059185113462,0.0017849988358949,-0.0138025182451152,0.0021938174085762,-6.29155288455503,3.14305698074602e-10,-0.0070331603873993,1.9624916090132,1270.70403985283,5.0,1.41916869491399e-272,fam
fam_us_competent,fam,L0,63,454525,2975.82222890854,False,,,,,,,,,,,,,,1.97147276697518,,,,fam
fam_us_competent,fam,L1,41,454525,1053.78830575943,True,False,-751581.85514339,1503261.71028678,-0.0001533368915841,0.0041016072773437,-0.0373845863867011,0.970178362361539,-7.77778390616282e-05,-0.0070744492081913,0.0028761205741172,-2.45971927319591,0.0139045729819161,-0.0035884082837449,1.97147276697518,,,,fam
fam_us_competent,fam,L2,33,454525,1481.14750695229,False,,,,,,,,,,,,,,1.97147276697518,,,,fam
fam_us_competent,fam,L3,23,454525,509.100060939789,False,,,,,,,,,,,,,,1.97147276697518,,,,fam
fam_us_competent,fam,L4,12,454525,156.611075639725,True,False,-752178.558578064,1504397.11715613,0.0010597707640496,0.0021356609594661,0.496226125852175,0.619734880262527,0.000537552829439,-0.013425972582273,0.0020120275030441,-6.67285738488156,2.5087016099400298e-11,-0.0068101232779757,1.97147276697518,,,,fam
fam_us_competent,fam,L5,8,454525,127.520326375961,True,False,-755231.592004302,1510495.1840086,0.0016120605577152,0.0021420379292321,0.752582639044637,0.451700753373556,0.0008176935460227,-0.0131535403034556,0.0020279956353433,-6.48598057817265,8.81565227354181e-11,-0.0066719360895038,1.97147276697518,6106.06685247505,4.0,0.0,fam
fam_us_competent,fam,L6,3,454525,66.8921694755554,True,False,-755921.349485027,1511864.69897005,0.0005178751476339,0.0019616611124315,0.263998273887407,0.791781248822674,0.000262684403411,-0.0122065024035373,0.0019189605313509,-6.3609971149035,2.00448210431761e-10,-0.0061915653150338,1.97147276697518,1379.51496145036,5.0,3.7799391307842796e-296,fam
fam_us_critical,fam,L0,63,447155,2768.3328332901,False,,,,,,,,,,,,,,1.96126867280381,,,,fam
fam_us_critical,fam,L1,41,447155,1019.95890116692,True,False,-828349.929389061,1656797.85877812,-0.0010048021886161,0.0043740525459582,-0.229718819803526,0.818310269866303,-0.0005123225606717,-0.0053336665732737,0.0030484061943134,-1.74965743844217,0.0801774420333916,-0.0027194981734189,1.96126867280381,,,,fam
fam_us_critical,fam,L2,33,447155,1387.10925388336,False,,,,,,,,,,,,,,1.96126867280381,,,,fam
fam_us_critical,fam,L3,23,447155,520.784246921539,False,,,,,,,,,,,,,,1.96126867280381,,,,fam
fam_us_critical,fam,L4,12,447155,164.160636901855,True,False,-828811.497622138,1657662.99524428,-0.0011884399879424,0.0026030564399898,-0.456555597368119,0.647990500574422,-0.0006059547090218,-0.0075413911990734,0.0024644868310508,-3.0600249528856,0.0022131855133601,-0.0038451596681511,1.96126867280381,,,,fam
fam_us_critical,fam,L5,8,447155,138.232474327087,True,False,-829617.512461722,1659267.02492344,-0.0007832688512198,0.0025945221783505,-0.30189329571191,0.762733406708939,-0.0003993684608749,-0.0074678099130392,0.00246967732394,-3.02379984650197,0.0024962152648151,-0.0038076424798869,1.96126867280381,1612.02967916825,4.0,0.0,fam
fam_us_critical,fam,L6,3,447155,65.6910421848297,True,False,-830047.103410455,1660116.20682091,-0.0002854796010911,0.0023964231331915,-0.11912737660438,0.905174441783526,-0.0001455586402055,-0.0072293697142142,0.0023472694609802,-3.0799061779618,0.0020706581215148,-0.0036860680101922,1.96126867280381,859.181897464441,5.0,1.81335783323778e-183,fam
fam_us_feminine,fam,L0,63,433689,1177.57009673119,True,False,-867336.628420209,1734815.25684042,0.0222858436256052,0.0305807327262628,0.728754403143063,0.466151907747025,0.0113322124099804,0.0088544513730297,0.0343354783229768,0.25788053073676,0.79649911100975,0.0045024332674456,1.96659247279709,,,,fam
fam_us_feminine,fam,L1,41,433689,640.153654098511,True,False,-868715.633861703,1737529.26772341,0.0777989257598673,0.0054665850214702,14.2317233618994,5.8228902553578805e-46,0.0395602682487713,-0.0328444874982567,0.0037894350936758,-8.66738357732282,4.42163384591509e-18,-0.0167012169285597,1.96659247279709,2758.01088298834,22.0,0.0,fam
fam_us_feminine,fam,L2,33,433689,567.040115833282,True,False,-869699.609511256,1739481.21902251,0.011906410093136,0.0042805636977443,2.78150517872452,0.0054107467398656,0.0060543352310311,0.0034081268671271,0.0034739514267288,0.981051963163535,0.326567117337556,0.0017330112436969,1.96659247279709,1967.95129910694,8.0,0.0,fam
fam_us_feminine,fam,L3,23,433689,301.153841733932,True,False,-909822.141616521,1819706.28323304,-0.0166379686415031,0.005324192812018,-3.12497485138914,0.0017782026153727,-0.0084603032258325,0.011523229559138,0.0037701556524406,3.05643337342803,0.0022398725432277,0.0058594903207111,1.96659247279709,80245.0642105292,10.0,0.0,fam
fam_us_feminine,fam,L4,12,433689,174.807413339615,True,False,-909987.162953468,1820014.32590694,-0.0181100704591321,0.0032862233376762,-5.5109067760252,3.56989772274663e-08,-0.0092088578135225,0.0105202332718886,0.0031737229234626,3.31479260338535,0.0009171114063645,0.0053494729677906,1.96659247279709,330.042673894204,11.0,4.0192970436070397e-64,fam
fam_us_feminine,fam,L5,8,433689,139.154558181763,True,False,-910085.812688197,1820203.62537639,-0.0183864890525076,0.0032798474542168,-5.60589762455817,2.07178401143874e-08,-0.0093494149432782,0.0106819767939259,0.0031864662038306,3.35229564998513,0.000801443826192,0.0054317185393946,1.96659247279709,197.299469457706,4.0,1.43034470622788e-41,fam
fam_us_feminine,fam,L6,3,433689,96.4123394489288,True,False,-913026.348997586,1826074.69799517,-0.0271156151411819,0.003121647029205,-8.68631683451009,3.74379816704169e-18,-0.013788121085715,0.0033661640341958,0.0030578538361114,1.1008256818699,0.2709725320713,0.0017116734050182,1.96659247279709,5881.0726187781,5.0,0.0,fam
fam_us_practical,fam,L0,63,448175,1647.4492328167,True,False,-792863.413641731,1585868.82728346,0.0039058717350389,0.0043749377934313,0.892783376463848,0.371973190260569,0.0019936338411598,-0.0105733532184856,0.0035968450003575,-2.93961880966084,0.0032861625618876,-0.0053968476746968,1.95917206780895,,,,fam
fam_us_practical,fam,L1,41,448175,751.891450405121,True,False,-792873.401031584,1585844.80206317,0.0039815431584335,0.0040847769330133,0.974727194098285,0.329695599901011,0.0020322580256497,-0.0113915605129278,0.0031009649079165,-3.67355350711832,0.0002392005592866,-0.0058144767884873,1.95917206780895,19.9747797052842,22.0,0.584617401995551,fam
fam_us_practical,fam,L2,33,448175,1295.92751383781,False,,,,,,,,,,,,,,1.95917206780895,,,,fam
fam_us_practical,fam,L3,23,448175,701.657737970352,False,,,,,,,,,,,,,,1.95917206780895,,,,fam
fam_us_practical,fam,L4,12,448175,249.018774032593,True,False,-793257.723646872,1586555.44729374,0.0036927841857873,0.0024097315664581,1.53244628455236,0.125412343288481,0.0018848697602743,-0.0155185838229678,0.0022887968151474,-6.78023655060368,1.1997927309810098e-11,-0.0079209907480577,1.95917206780895,,,,fam
fam_us_practical,fam,L5,8,448175,228.371573209763,True,False,-794191.743691635,1588415.48738327,0.0030727647587445,0.0023999788097146,1.28032995387566,0.20042911733011,0.0015683996363734,-0.0157643684951668,0.002293590901241,-6.87322594741583,6.27660300370104e-12,-0.00804644408431,1.95917206780895,1868.04008952715,4.0,0.0,fam
fam_us_practical,fam,L6,3,448175,102.615624427795,True,False,-794879.771931848,1589781.5438637,0.0016794225003867,0.0022051851817033,0.761578897918002,0.446311373251181,0.0008572103124484,-0.013606709506346,0.0021586756934853,-6.30326711298502,2.91435987256394e-10,-0.0069451324515682,1.95917206780895,1376.05648042588,5.0,2.1225188611524e-295,fam
fam_us_strong,fam,L0,63,465295,1374.75782132149,True,False,-818178.725220713,1636499.45044143,0.0308318238057546,0.0099763510740543,3.09049105999684,0.0019982582015912,0.0157508152039759,-0.0067894973130062,0.0090016956590845,-0.754246485344599,0.450701229443658,-0.0034684979448115,1.9574747977471,,,,fam
fam_us_strong,fam,L1,41,465295,812.563100576401,True,False,-818367.734360371,1636833.46872074,0.0267938493976635,0.0048038663165867,5.57755933073115,2.43916604197616e-08,0.0136879664701181,-0.0199268980713528,0.0033606723644124,-5.92943789533516,3.0397345236953e-09,-0.010179900192987,1.9574747977471,378.018279316369,22.0,1.38967197172688e-66,fam
fam_us_strong,fam,L2,33,465295,676.890217065811,True,False,-819050.239825125,1638182.47965025,0.006779189248883,0.0041165117026157,1.64682861087832,0.0995932787872747,0.0034632319438724,-0.0015708377307356,0.0031727131007456,-0.495108659641004,0.620523421430816,-0.000802481713963,1.9574747977471,1365.01092950837,8.0,2.07835773998391e-289,fam
fam_us_strong,fam,L3,23,465295,708.084584236145,False,,,,,,,,,,,,,,1.9574747977471,,,,fam
fam_us_strong,fam,L4,12,465295,278.604196548462,True,False,-822819.801897339,1645679.60379468,0.0172344643332608,0.0023678897312198,7.27840663609882,3.37785875753474e-13,0.008804437407366,0.0120450185862427,0.0022616987012472,5.32565128131366,1.00591954066938e-07,0.0061533454224317,1.9574747977471,,,,fam
fam_us_strong,fam,L5,8,465295,204.721288442612,True,False,-824394.421196472,1648820.84239294,0.0188381713917639,0.0023574800736351,7.99080832217436,1.34056849880925e-15,0.0096237108204126,0.0112979304382197,0.00227057633531,4.97579855058121,6.49791981252455e-07,0.0057716862823586,1.9574747977471,3149.23859826522,4.0,0.0,fam
fam_us_strong,fam,L6,3,465295,108.731843948364,True,False,-826203.546784832,1652429.09356966,0.0147139182670791,0.0021706806876879,6.77848121583994,1.2144576267641098e-11,0.0075167855463649,0.0102314600676182,0.0021239726566643,4.81713360834247,1.45635175960079e-06,0.0052268668181035,1.9574747977471,3618.25117672002,5.0,0.0,fam
fam_us_traitspace,fam,L0,63,489741,1340.41471338272,True,False,-993086.327867381,1986314.65573476,0.0104205557105021,0.0180324925540931,0.577876612411896,0.563347426253228,0.005308104915002,-0.0031204992453678,0.0169538818823877,-0.184058097550483,0.853967878122589,-0.0015895445350293,1.96314049502881,,,,fam
fam_us_traitspace,fam,L1,41,489741,826.553699016571,True,False,-993458.734404766,1987015.46880953,0.0393099702066231,0.0059037837219693,6.65843670057583,2.7675543415792197e-11,0.0200240228889202,-0.0287196885653616,0.0041207203859484,-6.96957955781109,3.1788956658904397e-12,-0.0146294616396979,1.96314049502881,744.813074770616,22.0,2.67974895950927e-143,fam
fam_us_traitspace,fam,L2,33,489741,1222.80044746399,False,,,,,,,,,,,,,,1.96314049502881,,,,fam
fam_us_traitspace,fam,L3,23,489741,846.284472942352,False,,,,,,,,,,,,,,1.96314049502881,,,,fam
fam_us_traitspace,fam,L4,12,489741,271.110045909882,True,False,-1008868.31380658,2017776.62761316,-0.0067418088562113,0.0030826732651862,-2.18700078673567,0.0287424665632465,-0.0034341958068123,-0.0173533645053317,0.0029392641448933,-5.90398264663661,3.5482950238525403e-09,-0.0088395937780688,1.96314049502881,,,,fam
fam_us_traitspace,fam,L5,8,489741,251.309986829758,True,False,-1010290.34450408,2020612.68900816,-0.00533438608163,0.0030765529445073,-1.7338840507048,0.0829386583208318,-0.0027172716854133,-0.0181873900488035,0.0029522866336969,-6.16044182201523,7.25422627573493e-10,-0.0092644362921852,1.96314049502881,2844.06139499391,4.0,0.0,fam
fam_us_traitspace,fam,L6,3,489741,125.827839612961,True,False,-1012755.89720905,2025533.79441809,-0.0096759145987137,0.0028302733231039,-3.4187209128277,0.0006291622222182,-0.0049287937481885,-0.0187977443205607,0.0027706221882174,-6.78466533636425,1.1635591442378798e-11,-0.0095753433685268,1.96314049502881,4931.10540993442,5.0,0.0,fam
fam_us_warm,fam,L0,63,464055,1456.31752824783,True,False,-818235.432292118,1636612.86458424,-0.0038699078330943,0.0082456068619682,-0.469329656128019,0.638834020598377,-0.0019713722680342,-0.0085694523060357,0.0053495427480319,-1.60190369713157,0.109176906825984,-0.0043653702767522,1.96305279111654,,,,fam
fam_us_warm,fam,L1,41,464055,781.634985685349,True,False,-818334.777758805,1636767.55551761,-0.000291064174129,0.0048096770854976,-0.0605163650188989,0.951744382336845,-0.0001482711903857,-0.0058981626049806,0.0030906583359362,-1.90838389879611,0.0563416163494497,-0.0030045868514956,1.96305279111654,198.690933375154,22.0,2.05151341653544e-30,fam
fam_us_warm,fam,L2,33,464055,1240.07089471817,False,,,,,,,,,,,,,,1.96305279111654,,,,fam
fam_us_warm,fam,L3,23,464055,739.120562553406,False,,,,,,,,,,,,,,1.96305279111654,,,,fam
fam_us_warm,fam,L4,12,464055,256.339468955994,True,False,-820389.773871258,1640819.54774252,-0.0048714511995787,0.002361320756907,-2.06301968308603,0.0391107581320794,-0.002481569126222,-0.0128111320945174,0.002241369046869,-5.71576203053806,1.09213486800742e-08,-0.0065261271385527,1.96305279111654,,,,fam
fam_us_warm,fam,L5,8,464055,235.385842323303,True,False,-821970.128640119,1643972.25728024,-0.0063066276574852,0.0023573265686959,-2.67533049566997,0.0074655614279289,-0.0032126632997466,-0.012966496676289,0.0022501292715354,-5.76255632968196,8.284937824830411e-09,-0.0066052715112739,1.96305279111654,3160.70953772147,4.0,0.0,fam
fam_us_warm,fam,L6,3,464055,122.544338464737,True,False,-823090.627817244,1646203.25563449,-0.0067982032303941,0.0021682273738197,-3.13537376775104,0.0017163527719204,-0.0034630771322901,-0.0107350563152791,0.0021217626857659,-5.05949906051995,4.20359349086258e-07,-0.0054685520246112,1.96305279111654,2240.9983542515,5.0,0.0,fam
fam_us_youthful,fam,L0,63,460530,1345.18614220619,True,False,-810974.276774757,1622090.55354951,-0.0125074775918443,0.013262510883754,-0.943070109534491,0.345645043374221,-0.0063600700014124,0.0073029976265883,0.0101715241531666,0.717984592733314,0.472766786812503,0.0037135845964287,1.96656288202279,,,,fam
fam_us_youthful,fam,L1,41,460530,778.305968761444,True,False,-811419.779458119,1622937.55891624,6.88766824156375e-05,0.0040672238783241,0.0169345687565194,0.98648881483716,3.50238901818342e-05,-0.0003465383404056,0.0028743332085831,-0.120563036801306,0.904037147578426,-0.0001762152350039,1.96656288202279,891.005366725381,22.0,2.8788553900832e-174,fam
fam_us_youthful,fam,L2,33,460530,1597.70277380943,False,,,,,,,,,,,,,,1.96656288202279,,,,fam
fam_us_youthful,fam,L3,23,460530,470.826863527298,True,False,-824556.697202795,1649175.39440559,-0.0139060599140834,0.0032979949972211,-4.21651940824674,2.48101943415031e-05,-0.0070712510854368,-0.0167514994135155,0.0028747398916261,-5.82713568706201,5.6386766014954e-09,-0.0085181610853373,1.96656288202279,,,,fam
fam_us_youthful,fam,L4,12,460530,203.021909236908,True,False,-824672.566505901,1649385.1330118,-0.0140696620606258,0.0024169703051318,-5.82119773286109,5.8427395627488305e-09,-0.0071544430077689,-0.0172222870277004,0.0023178094808743,-7.43041529936435,1.0825724000067399e-13,-0.008757557251353,1.96656288202279,231.738606210798,11.0,1.8392902369033197e-43,fam
fam_us_youthful,fam,L5,8,460530,166.881488084793,True,False,-825392.441052197,1650816.88210439,-0.013655385249829,0.0024025071439535,-5.68380630384225,1.31729466169387e-08,-0.0069437826650034,-0.0173039389146396,0.0023200817250067,-7.45833163036071,8.762489779072881e-14,-0.0087990773510587,1.96656288202279,1439.74909259309,4.0,1.6607970772867e-310,fam
fam_us_youthful,fam,L6,3,460530,84.3987169265747,True,False,-826033.417159397,1652088.83431879,-0.0096368544667347,0.0022161445092043,-4.34847746918575,1.37085898650035e-05,-0.0049003540923249,-0.0150602262272212,0.0021732113023418,-6.92994105588909,4.21016006261802e-12,-0.007658146284003,1.96656288202279,1281.95221439889,5.0,5.1910606635480397e-275,fam
arm_cn_attractive,arm,L0,63,260896,776.424113988876,True,False,-437472.804282895,875085.608565791,-0.0313655174104015,0.0318506145865812,-0.984769613319043,0.324737249747481,-0.0313655174104015,-0.026106762458053,0.025502181882997,-1.02370701369121,0.305973681618481,-0.026106762458053,1.0,,,,arm
arm_cn_attractive,arm,L1,41,260896,1229.96967077255,False,,,,,,,,,,,,,,1.0,,,,arm
arm_cn_attractive,arm,L2,33,260896,226.429949760437,True,False,-437760.823627647,875601.647255293,0.0173233210542244,0.0196924696617412,0.879692661803632,0.379025825756683,0.0173233210542244,-0.0547877352089857,0.0164006585442496,-3.34058142001836,0.0008360316304684,-0.0547877352089857,1.0,,,,arm
arm_cn_attractive,arm,L3,23,260896,109.798794031143,True,False,-442372.697073898,884805.394147797,0.0758248475845104,0.0203302349288297,3.72965919232863,0.0001917389363051,0.0758248475845104,-0.0444036779529622,0.0171813183935362,-2.58441622091512,0.0097543999546989,-0.0444036779529622,1.0,9223.7468925037,10.0,0.0,arm
arm_cn_attractive,arm,L4,12,260896,67.2172684669495,True,False,-442706.352094216,885450.704188432,0.066236678755314,0.0114097272020442,5.8052815446321,6.425793542110911e-09,0.066236678755314,-0.0416511134648962,0.0104740152367478,-3.97661379360653,6.99035557261733e-05,-0.0416511134648962,1.0,667.310040635639,11.0,5.46169934992732e-136,arm
arm_cn_attractive,arm,L5,8,260896,53.5580365657806,True,False,-443418.727782703,886867.455565406,0.0786155251507126,0.0111411329373587,7.05633130784189,1.70955951869824e-12,0.0786155251507126,-0.0521046792185776,0.01039330038275,-5.01329484376849,5.35058117852292e-07,-0.0521046792185776,1.0,1424.75137697335,4.0,2.96816304016305e-307,arm
arm_cn_attractive,arm,L6,3,260896,24.407589673996,True,False,-447332.360266821,894684.720533642,0.0759307670479687,0.0097596937150296,7.78003585614964,7.250399604483781e-15,0.0759307670479687,-0.0560076729641186,0.0091837534546679,-6.09856016285488,1.0702811566240302e-09,-0.0560076729641186,1.0,7827.26496823644,5.0,0.0,arm
arm_cn_charismatic,arm,L0,63,259115,1013.60586500168,True,False,-421581.629371198,843303.258742396,-0.0365267200892981,0.0255035638122493,-1.43222023236432,0.152080803207094,-0.0365267200892981,-0.0183277939489518,0.0215318298191193,-0.851195374611293,0.394660831774354,-0.0183277939489518,1.0,,,,arm
arm_cn_charismatic,arm,L1,41,259115,422.92218875885,True,False,-421622.147570793,843340.295141585,-0.0317218739321851,0.0197527327559549,-1.60594862109,0.108285199304684,-0.0317218739321851,-0.035796498723436,0.015299665727473,-2.33969155673497,0.0192996715368235,-0.035796498723436,1.0,81.036399189732,22.0,1.0932309726477e-08,arm
arm_cn_charismatic,arm,L2,33,259115,294.689795017242,True,False,-421793.323439606,843666.646879212,0.0078483232425243,0.0181853671736434,0.43157353753622,0.666051394812248,0.0078483232425243,-0.050269586293606,0.0147118422191618,-3.41694707873711,0.0006332758860395,-0.050269586293606,1.0,342.35173762613,8.0,3.8821691731336003e-69,arm
arm_cn_charismatic,arm,L3,23,259115,410.235439300537,False,,,,,,,,,,,,,,1.0,,,,arm
arm_cn_charismatic,arm,L4,12,259115,68.616534948349,True,False,-422674.396847214,845386.793694427,0.0316315669562456,0.0106887788157095,2.95932468073492,0.0030831407695559,0.0316315669562456,-0.0429959367571319,0.0097163235612883,-4.42512401793985,9.63868938058367e-06,-0.0429959367571319,1.0,,,,arm
arm_cn_charismatic,arm,L5,8,259115,55.6292970180511,True,False,-423574.212968517,847178.425937035,0.0442240580608654,0.0104199952969293,4.24415336098069,2.19420258685397e-05,0.0442240580608654,-0.0477792827447414,0.009650199914317,-4.95111843992538,7.37881763573376e-07,-0.0477792827447414,1.0,1799.63224260742,4.0,0.0,arm
arm_cn_charismatic,arm,L6,3,259115,28.8396954536438,True,False,-425583.264422221,851186.528844442,0.0311083703666763,0.0090637867556736,3.43216044300729,0.0005987931975684,0.0311083703666763,-0.0572696677782999,0.0085488822042815,-6.69908257124159,2.0973206644580197e-11,-0.0572696677782999,1.0,4018.10290740745,5.0,0.0,arm
arm_cn_competent,arm,L0,63,256519,957.870808839798,True,False,-379559.095887639,759258.191775277,0.0797168981334871,0.0260091008456766,3.06496170730709,0.0021769786805736,0.0797168981334871,-0.0221432320570844,0.0178578041617042,-1.23997507513103,0.214984613366632,-0.0221432320570844,1.0,,,,arm
arm_cn_competent,arm,L1,41,256519,749.356918334961,False,,,,,,,,,,,,,,1.0,,,,arm
arm_cn_competent,arm,L2,33,256519,263.849041700363,True,False,-380086.728393537,760253.456787075,-0.0351201596989224,0.016426399619546,-2.13803149274004,0.0325141873202329,-0.0351201596989224,0.0317236329225664,0.0136787400642507,2.31919261376096,0.0203845947910118,0.0317236329225664,1.0,,,,arm
arm_cn_competent,arm,L3,23,256519,128.035384178162,True,False,-381854.257021305,763768.51404261,-0.0364998906483181,0.0172981442782546,-2.11004660738099,0.0348543415535984,-0.0364998906483181,0.0379708442510216,0.0134255322370029,2.82825616003274,0.004680234023436,0.0379708442510216,1.0,3535.0572555355,10.0,0.0,arm
arm_cn_competent,arm,L4,12,256519,71.3482928276062,True,False,-382121.956706481,764281.913412962,-0.0516531386945631,0.0094207334127297,-5.48292117307627,4.18359462243968e-08,-0.0516531386945631,0.0420841106985672,0.0084868682025893,4.95873267900251,7.09545213187237e-07,0.0420841106985672,1.0,535.399370351457,11.0,8.96183670496677e-108,arm
arm_cn_competent,arm,L5,8,256519,61.983047246933,True,False,-383314.292119741,766658.584239482,-0.0775819756262722,0.0091674727416205,-8.46274407493443,2.6115840728732e-17,-0.0775819756262722,0.0534136507071677,0.0084366996906831,6.33110726533903,2.43408047339959e-10,0.0534136507071677,1.0,2384.67082652007,4.0,0.0,arm
arm_cn_competent,arm,L6,3,256519,28.7836880683899,True,False,-385193.525702031,770407.051404061,-0.0908789121188063,0.0079152536578792,-11.4814908083635,1.63437835020029e-30,-0.0908789121188063,0.0505463512838074,0.0074616708209309,6.77413309925421,1.2515441441387398e-11,0.0505463512838074,1.0,3758.46716457908,5.0,0.0,arm
arm_cn_critical,arm,L0,63,260428,1521.13000607491,False,,,,,,,,,,,,,,1.0,,,,arm
arm_cn_critical,arm,L1,41,260428,2796.25588870049,False,,,,,,,,,,,,,,1.0,,,,arm
arm_cn_critical,arm,L2,33,260428,350.6347219944,True,False,-450142.155306724,900364.310613448,-0.002894045680876,0.0168890141968886,-0.171356696556581,0.86394330224218,-0.002894045680876,-0.0105513251396369,0.0130167836849737,-0.810593875952405,0.417598934890225,-0.0105513251396369,1.0,,,,arm
arm_cn_critical,arm,L3,23,260428,175.72906255722,True,False,-451128.140398604,902316.280797207,0.0110727210166336,0.0162283817592905,0.682305924328816,0.495045527747477,0.0110727210166336,-0.0067044609080359,0.0126080795526238,-0.531759089879846,0.594892860426774,-0.0067044609080359,1.0,1971.97018375911,10.0,0.0,arm
arm_cn_critical,arm,L4,12,260428,81.7927625179291,True,False,-451199.918854574,902437.837709149,0.00642604832651,0.0118602288986657,0.541814865582649,0.587946049570994,0.00642604832651,0.0008841280502431,0.0105190863713636,0.084049889793665,0.933016765746025,0.0008841280502431,1.0,143.556911941152,11.0,3.07488573988064e-25,arm
arm_cn_critical,arm,L5,8,260428,58.1395063400269,True,False,-451627.537548979,903285.075097958,0.0009795118940366,0.0115756775520057,0.0846181046108082,0.932565005292679,0.0009795118940366,0.0015216626922014,0.0104907738134963,0.145047707562221,0.884673204856783,0.0015216626922014,1.0,855.23738880991,4.0,8.31058834007917e-184,arm
arm_cn_critical,arm,L6,3,260428,28.2101876735687,True,False,-453139.652447821,906299.304895642,0.0163639995236721,0.0100563372879691,1.62723256540423,0.103687713792386,0.0163639995236721,-0.010861588015703,0.0094742539845375,-1.14643200756806,0.251616445310008,-0.010861588015703,1.0,3024.22979768377,5.0,0.0,arm
arm_cn_feminine,arm,L0,63,255694,721.805166006088,True,False,-480231.59102491,960603.182049821,0.140602920483907,0.0981474011737654,1.43256896058792,0.15198105746166,0.140602920483907,0.0303299475417626,0.0671777001313556,0.451488328455083,0.651637635192486,0.0303299475417626,1.0,,,,arm
arm_cn_feminine,arm,L1,41,255694,420.183447122574,True,False,-480961.645767608,962019.291535217,0.16780992362635,0.0221275279350986,7.58376281880863,3.3567455378625997e-14,0.16780992362635,0.0396419149732597,0.0235090167108601,1.68624300458075,0.0917490039042415,0.0396419149732597,1.0,1460.10948539607,22.0,1.04960659567639e-295,arm
arm_cn_feminine,arm,L2,33,255694,350.73043179512,True,False,-481272.671560613,962625.343121225,0.0488194858215222,0.0206327896841641,2.36611173616487,0.0179760182152916,0.0488194858215222,0.0630705647583812,0.0230627014787185,2.73474314431814,0.0062428969625277,0.0630705647583812,1.0,622.051586008631,8.0,4.2427556022059497e-129,arm
arm_cn_feminine,arm,L3,23,255694,155.705919504166,True,False,-514193.997657045,1028447.99531409,-0.167048843620071,0.0249657908272673,-6.69110963781776,2.2148463959989598e-11,-0.167048843620071,0.401465734913837,0.0300558788929615,13.3573114379248,1.0737268751649899e-40,0.401465734913837,1.0,65842.6521928649,10.0,0.0,arm
arm_cn_feminine,arm,L4,12,255694,119.534403562546,True,False,-514509.501506995,1029057.00301399,-0.136714167403532,0.0154838965751852,-8.82944204255621,1.05199179468397e-18,-0.136714167403532,0.362185886650585,0.0145038297808028,24.9717414037755,1.23997340624938e-137,0.362185886650585,1.0,631.007699900074,11.0,3.24565226697848e-128,arm
arm_cn_feminine,arm,L5,8,255694,110.889845848083,True,False,-514578.487338559,1029186.97467712,-0.161140507696665,0.0149992315114862,-10.7432509174397,6.3758932142898e-27,-0.161140507696665,0.373961090546537,0.0143655084730819,26.0318728882633,2.1584546710978103e-149,0.373961090546537,1.0,137.971663128468,4.0,7.670861639062499e-29,arm
arm_cn_feminine,arm,L6,3,255694,49.7446799278259,True,False,-516744.667895369,1033509.33579074,-0.097896279958952,0.0134156013653494,-7.29719654698476,2.93825428771544e-13,-0.097896279958952,0.343017636075315,0.0126637021408782,27.0866790974229,1.41328379845661e-161,0.343017636075315,1.0,4332.36111362011,5.0,0.0,arm
arm_cn_practical,arm,L0,63,259412,1560.2952208519,False,,,,,,,,,,,,,,1.0,,,,arm
arm_cn_practical,arm,L1,41,259412,2179.85238409042,False,,,,,,,,,,,,,,1.0,,,,arm
arm_cn_practical,arm,L2,33,259412,617.518671274185,False,,,,,,,,,,,,,,1.0,,,,arm
arm_cn_practical,arm,L3,23,259412,588.17963051796,False,,,,,,,,,,,,,,1.0,,,,arm
arm_cn_practical,arm,L4,12,259412,72.4750170707703,True,False,-407377.240097451,814792.480194902,-0.0436136624368,0.0101276701768748,-4.30638653067374,1.65942989310022e-05,-0.0436136624368,0.0538621020078031,0.0091938114615433,5.85851713765308,4.67018427578444e-09,0.0538621020078031,1.0,,,,arm
arm_cn_practical,arm,L5,8,259412,59.090030670166,True,False,-408179.355056507,816388.710113014,-0.0568257399464939,0.0098753873967306,-5.75427957036973,8.701205764079221e-09,-0.0568257399464939,0.0582845574481313,0.0091342862664649,6.38085513721125,1.76101832605171e-10,0.0582845574481313,1.0,1604.22991811181,4.0,0.0,arm
arm_cn_practical,arm,L6,3,259412,29.4640364646912,True,False,-410555.260769873,821130.521539746,-0.0522176656831605,0.0085527293468186,-6.10538034885718,1.02556159831324e-09,-0.0522176656831605,0.0425353166637987,0.0080720772473117,5.269438752951,1.36841519859544e-07,0.0425353166637987,1.0,4751.81142673187,5.0,0.0,arm
arm_cn_strong,arm,L0,63,262306,767.401240587234,False,,,,,,,,,,,,,,1.0,,,,arm
arm_cn_strong,arm,L1,41,262306,476.659333229065,True,False,-412805.017580636,825706.035161272,0.106807992438509,0.0175004762443127,6.10314776280554,1.039996121224e-09,0.106807992438509,-0.0536157906078588,0.0173375790697177,-3.09246120189327,0.0019850418007677,-0.0536157906078588,1.0,,,,arm
arm_cn_strong,arm,L2,33,262306,369.427099466324,True,False,-412976.372556301,826032.745112601,0.0574486089400503,0.015925786211141,3.60726988158748,0.00030943576202,0.0574486089400503,-0.0197368543727987,0.0168061982105019,-1.17437948342567,0.240243059324318,-0.0197368543727987,1.0,342.709951329278,8.0,3.25569621376502e-69,arm
arm_cn_strong,arm,L3,23,262306,221.075003862381,True,False,-419089.61283449,838239.22566898,-0.0256218722685233,0.0158082212848735,-1.62079413026944,0.105061797779139,-0.0256218722685233,0.0492238564692311,0.0171653913031792,2.86762215901914,0.0041356911197355,0.0492238564692311,1.0,12226.4805563787,10.0,0.0,arm
arm_cn_strong,arm,L4,12,262306,122.70800948143,True,False,-419353.762493342,838745.524986684,-0.0234760856003173,0.0103746068613609,-2.26284098414866,0.0236454934586791,-0.0234760856003173,0.0443929348959952,0.0095704570633645,4.63853864053475,3.50881340309054e-06,0.0443929348959952,1.0,528.299317704281,11.0,2.93875090595391e-106,arm
arm_cn_strong,arm,L5,8,262306,88.055846452713,True,False,-419840.229080516,839710.458161033,-0.0316939938679506,0.0100920944551216,-3.14047733192452,0.0016867276029756,-0.0316939938679506,0.0493824383069129,0.0094671092255951,5.21621089713459,1.82620242597736e-07,0.0493824383069129,1.0,972.933174348669,4.0,2.61933118001236e-209,arm
arm_cn_strong,arm,L6,3,262306,38.9442610740662,True,False,-423463.131540307,846946.263080614,-0.0118936986999586,0.0088170487718122,-1.34894328111037,0.177355184885131,-0.0118936986999586,0.026356783712679,0.0082901240258764,3.17929908290998,0.0014763167667358,0.026356783712679,1.0,7245.80491958163,5.0,0.0,arm
arm_cn_traitspace,arm,L0,63,266666,688.166625738144,True,False,-519811.67213737,1039763.34427474,0.0969404650305078,0.049000119546747,1.97837201066469,0.0478867548625483,0.0969404650305078,0.0044077211649293,0.043813326842637,0.100602293470214,0.919866176019649,0.0044077211649293,1.0,,,,arm
arm_cn_traitspace,arm,L1,41,266666,455.816755056381,True,False,-520002.062970888,1040100.12594178,0.143752708170907,0.0271144773687854,5.30169570358001,1.14731966254721e-07,0.143752708170907,-0.0338849213528996,0.0218447951839499,-1.55116681422566,0.120861712746239,-0.0338849213528996,1.0,380.781667035655,22.0,3.7523952697855506e-67,arm
arm_cn_traitspace,arm,L2,33,266666,320.497715711594,True,False,-520321.211772931,1040722.42354586,0.0095660090421604,0.0254262693099574,0.376225427550799,0.706749313298369,0.0095660090421604,0.0082776892468077,0.0210607423824246,0.393038815845144,0.694290812711198,0.0082776892468077,1.0,638.297604086343,8.0,1.3594195066349401e-132,arm
arm_cn_traitspace,arm,L3,23,266666,177.036973237991,True,False,-528839.326356966,1057738.65271393,-0.0686390297933607,0.0268975812954283,-2.5518662454987,0.0107147643856542,-0.0686390297933607,0.151918401782251,0.0200080909601367,7.59284841741911,3.12948568956982e-14,0.151918401782251,1.0,17036.2291680693,10.0,0.0,arm
arm_cn_traitspace,arm,L4,12,266666,134.986747264862,True,False,-529058.604818622,1058155.20963724,-0.0783329189399589,0.0150717818398339,-5.19732303535135,2.02178853636611e-07,-0.0783329189399589,0.160664422368932,0.0138689316287807,11.5844844195153,4.93929525898482e-31,0.160664422368932,1.0,438.556923312601,11.0,3.91888490225179e-87,arm
arm_cn_traitspace,arm,L5,8,266666,97.6745703220367,True,False,-529830.530333825,1059691.06066765,-0.0962348137466919,0.0146999021026437,-6.54662956764757,5.88500933046174e-11,-0.0962348137466919,0.165883217284991,0.0137472545544609,12.0666433161495,1.5846721236491e-33,0.165883217284991,1.0,1543.85103040584,4.0,0.0,arm
arm_cn_traitspace,arm,L6,3,266666,44.4295592308044,True,False,-532568.992538961,1065157.98507792,-0.0708296935517435,0.0127974426875315,-5.53467558176702,3.11804939566283e-08,-0.0708296935517435,0.146850533229285,0.0120675540477639,12.1690387835052,4.54401940879129e-34,0.146850533229285,1.0,5476.92441027099,5.0,0.0,arm
arm_cn_trustworthy,arm,L0,63,260871,1716.84621024132,False,,,,,,,,,,,,,,1.0,,,,arm
arm_cn_trustworthy,arm,L1,41,260871,475.100318431854,True,False,-411920.457248299,823936.914496599,0.0441765213585452,0.0166198623790927,2.65805578595633,0.0078592882497559,0.0441765213585452,-0.0180835714107814,0.0137564699444002,-1.31455027953175,0.188661089558778,-0.0180835714107814,1.0,,,,arm
arm_cn_trustworthy,arm,L2,33,260871,2003.15177845955,False,,,,,,,,,,,,,,1.0,,,,arm
arm_cn_trustworthy,arm,L3,23,260871,322.35705780983,False,,,,,,,,,,,,,,1.0,,,,arm
arm_cn_trustworthy,arm,L4,12,260871,94.4291291236877,True,False,-412785.146753793,825608.293507586,-0.0427664676764972,0.010167502557426,-4.2061919763435,2.5970964321037e-05,-0.0427664676764972,0.0074436288227697,0.009142711051712,0.814159911722881,0.415553347647087,0.0074436288227697,1.0,,,,arm
arm_cn_trustworthy,arm,L5,8,260871,76.2629280090332,True,False,-413639.69884459,827309.39768918,-0.0462472173197005,0.0099047269935413,-4.66920666767061,3.02365088400794e-06,-0.0462472173197005,0.0070552337651281,0.0091150446308898,0.774020759176397,0.438918515197188,0.0070552337651281,1.0,1709.1041815934,4.0,0.0,arm
arm_cn_trustworthy,arm,L6,3,260871,33.3427062034607,True,False,-415038.324464538,830096.648929075,-0.0376171407473614,0.0085894106630506,-4.37947866542002,1.18963567100449e-05,-0.0376171407473614,0.0015835505213775,0.0081065233100736,0.195342745688493,0.845124635361858,0.0015835505213775,1.0,2797.25123989559,5.0,0.0,arm
arm_cn_warm,arm,L0,63,260742,1950.94529819489,False,,,,,,,,,,,,,,1.0,,,,arm
arm_cn_warm,arm,L1,41,260742,570.126326084137,True,False,-425738.063187713,851572.126375427,-0.023516011440428,0.0155368861546336,-1.51356013079974,0.13013743948749,-0.023516011440428,-0.0133994430909396,0.0125317782861752,-1.06923716530491,0.284962815904692,-0.0133994430909396,1.0,,,,arm
arm_cn_warm,arm,L2,33,260742,431.2500436306,True,False,-425839.459303322,851758.918606644,-0.0191109112064821,0.0140540815896366,-1.3598121716167,0.173889369699257,-0.0191109112064821,-0.0206410979838436,0.0119391807812187,-1.72885379341217,0.0838352656398347,-0.0206410979838436,1.0,202.792231217725,8.0,1.64835501368358e-39,arm
arm_cn_warm,arm,L3,23,260742,346.519034147263,False,,,,,,,,,,,,,,1.0,,,,arm
arm_cn_warm,arm,L4,12,260742,108.907044410706,True,False,-426040.542059859,852119.084119717,-0.0301810637424205,0.0106166356451174,-2.84280865909728,0.0044717907861828,-0.0301810637424205,-0.0031524215087166,0.0094404689684554,-0.333926367349994,0.738435122444719,-0.0031524215087166,1.0,,,,arm
arm_cn_warm,arm,L5,8,260742,86.3300585746765,True,False,-426645.496441808,853320.992883617,-0.0278808602921172,0.0103441673167724,-2.69532185997321,0.0070320668000568,-0.0278808602921172,-0.0036685065948157,0.0093765017720487,-0.391244697009655,0.695616372639079,-0.0036685065948157,1.0,1209.9087638997,4.0,1.1326351789089999e-260,arm
arm_cn_warm,arm,L6,3,260742,47.6983416080475,True,False,-427316.317186435,854652.63437287,-0.0088871474253242,0.0090112357908207,-0.986229595099165,0.324020459579439,-0.0088871474253242,-0.00638446155079,0.0084931387444999,-0.751719916847532,0.452219510389927,-0.00638446155079,1.0,1341.64148925338,5.0,6.07430421023344e-288,arm
arm_cn_young,arm,L0,63,263455,706.557144641876,True,False,-414275.577877338,828691.155754676,0.0951413654687234,0.0369441899789163,2.57527274310304,0.0100161069839864,0.0951413654687234,-0.054573585595517,0.0289082975883324,-1.88781734478696,0.0590504758488582,-0.054573585595517,1.0,,,,arm
arm_cn_young,arm,L1,41,263455,466.751160621643,True,False,-414419.130780199,828934.261560399,0.040116113910224,0.0177815469469225,2.25605308863001,0.0240673065512804,0.040116113910224,-0.0559171293761689,0.013919496255015,-4.01718053237903,5.88986022486309e-05,-0.0559171293761689,1.0,287.105805722531,22.0,4.98014780239993e-48,arm
arm_cn_young,arm,L2,33,263455,440.787338972092,True,False,-414563.249150355,829206.49830071,0.0042032546570297,0.0165127029768108,0.254546736711272,0.799073202117731,0.0042032546570297,-0.042925460834622,0.0132827327151922,-3.23167391492608,0.0012306740789831,-0.042925460834622,1.0,288.236740311142,8.0,1.30998153346937e-57,arm
arm_cn_young,arm,L3,23,263455,183.294458627701,True,False,-434093.215678586,868246.431357173,0.0906260923836725,0.0210642249530788,4.30237013635892,1.68980714507172e-05,0.0906260923836725,-0.178263760817174,0.0229692056701423,-7.76098936015447,8.42693874890506e-15,-0.178263760817174,1.0,39059.933056463,10.0,0.0,arm
arm_cn_young,arm,L4,12,263455,114.578413963318,True,False,-434561.801751533,869161.603503065,0.0616681545581036,0.0108430528769776,5.68734241710098,1.29031573732378e-08,0.0616681545581036,-0.116881219920614,0.0097601753441982,-11.9753196841994,4.78589277106941e-33,-0.116881219920614,1.0,937.1721458924,11.0,6.302769970993251e-194,arm
arm_cn_young,arm,L5,8,263455,80.2577884197235,True,False,-434969.08889795,869968.1777959,0.0662117499055288,0.0106299894238364,6.2287691234252,4.701139778193621e-10,0.0662117499055288,-0.118745857184988,0.0097055171481809,-12.2348820131902,2.02398735882964e-34,-0.118745857184988,1.0,814.574292834965,4.0,5.35063675565691e-175,arm
arm_cn_young,arm,L6,3,263455,43.3805141448975,True,False,-436742.770666724,873505.541333448,0.0245599604684617,0.0092113821152921,2.66626225696238,0.0076699834014755,0.0245599604684617,-0.106871947361605,0.0086675688600683,-12.3300949882229,6.23731551825589e-35,-0.106871947361605,1.0,3547.36353754823,5.0,0.0,arm
arm_us_charismatic,arm,L0,63,292349,1201.78225708008,False,,,,,,,,,,,,,,1.0,,,,arm
arm_us_charismatic,arm,L1,41,292349,833.070740222931,False,,,,,,,,,,,,,,1.0,,,,arm
arm_us_charismatic,arm,L2,33,292349,369.13857626915,True,False,-521595.770105081,1043271.54021016,0.0227285754513237,0.0136336315559822,1.66709620675871,0.0954952762922496,0.0227285754513237,-0.0212176705490995,0.0099852045682965,-2.12491095239716,0.0335940439073866,-0.0212176705490995,1.0,,,,arm
arm_us_charismatic,arm,L3,23,292349,289.144535779953,False,,,,,,,,,,,,,,1.0,,,,arm
arm_us_charismatic,arm,L4,12,292349,132.408761978149,True,False,-521878.259845406,1043794.51969081,0.0075207348021674,0.008881064394556,0.84682809042321,0.397090948552797,0.0075207348021674,-0.0298802265029473,0.0082459639536405,-3.62361837511492,0.0002905101529057,-0.0298802265029473,1.0,,,,arm
arm_us_charismatic,arm,L5,8,292349,122.824511289597,True,False,-522631.47460249,1045292.94920498,0.0139172372226108,0.0087296528356136,1.59424864707492,0.110880354572652,0.0139172372226108,-0.033025399422838,0.0082510479790213,-4.00257028038216,6.26580464341363e-05,-0.033025399422838,1.0,1506.42951416899,4.0,0.0,arm
arm_us_charismatic,arm,L6,3,292349,53.0144255161285,True,False,-523123.253937483,1046266.50787497,0.0101938310656228,0.0079312748095677,1.2852701880063,0.198697884076695,0.0101938310656228,-0.0280595828241925,0.0076985337569211,-3.64479571177646,0.000267604283256,-0.0280595828241925,1.0,983.558669985621,5.0,2.17917295182576e-210,arm
arm_us_competent,arm,L0,63,287128,2219.69418025017,False,,,,,,,,,,,,,,1.0,,,,arm
arm_us_competent,arm,L1,41,287128,779.901465415955,False,,,,,,,,,,,,,,1.0,,,,arm
arm_us_competent,arm,L2,33,287128,620.829920291901,False,,,,,,,,,,,,,,1.0,,,,arm
arm_us_competent,arm,L3,23,287128,277.320644378662,False,,,,,,,,,,,,,,1.0,,,,arm
arm_us_competent,arm,L4,12,287128,118.136202812195,True,False,-471063.725336795,942165.450673591,-0.0012293710634737,0.0077323421538351,-0.158990773948616,0.873676142695372,-0.0012293710634737,-0.0258948169935214,0.007016108505489,-3.69076632342028,0.0002235794623042,-0.0258948169935214,1.0,,,,arm
arm_us_competent,arm,L5,8,287128,96.5819072723389,True,False,-472357.788566464,944745.577132927,-0.0006016198003547,0.0076361513980991,-0.0787857349848369,0.937203050608089,-0.0006016198003547,-0.0229017717901381,0.007033994265924,-3.25587012504192,0.0011304544823229,-0.0229017717901381,1.0,2588.12645933614,4.0,0.0,arm
arm_us_competent,arm,L6,3,287128,50.419764995575,True,False,-472840.672784276,945701.345568553,0.0009051608972319,0.0068780856242418,0.131600702096774,0.895300130163687,0.0009051608972319,-0.0226489046553434,0.0066592721196544,-3.40110814641385,0.0006711327116639,-0.0226489046553434,1.0,965.768435625476,5.0,1.54712529738631e-206,arm
arm_us_critical,arm,L0,63,283961,565.927487134933,True,False,-525774.201316011,1051688.40263202,0.0059915945185626,0.0192199966838419,0.311737541744726,0.755239994485104,0.0059915945185626,-0.0051839881104815,0.0129703001136624,-0.399681431042675,0.68939117059497,-0.0051839881104815,1.0,,,,arm
arm_us_critical,arm,L1,41,283961,709.351154088974,False,,,,,,,,,,,,,,1.0,,,,arm
arm_us_critical,arm,L2,33,283961,568.183565378189,False,,,,,,,,,,,,,,1.0,,,,arm
arm_us_critical,arm,L3,23,283961,147.648228883743,True,False,-526000.015058862,1052060.03011772,-0.004878456320108,0.0129557694757593,-0.376547014767113,0.70651027013484,-0.004878456320108,-0.0131785063109861,0.0095865376234524,-1.3746888426898,0.169227931739348,-0.0131785063109861,1.0,,,,arm
arm_us_critical,arm,L4,12,283961,102.743251800537,True,False,-526050.814660008,1052139.62932002,-0.0020362083709352,0.0095951547524637,-0.21221214492788,0.831941532233662,-0.0020362083709352,-0.0139798418622242,0.0088149152205289,-1.58593038191301,0.112755102929262,-0.0139798418622242,1.0,101.599202293437,11.0,8.60876066950058e-17,arm
arm_us_critical,arm,L5,8,283961,100.256790161133,True,False,-526465.963749514,1052961.92749903,0.0003484154269037,0.0094404323648905,0.0369067234885881,0.970559378832603,0.0003484154269037,-0.013944719543159,0.0088054213843048,-1.58365158628464,0.113273027746878,-0.013944719543159,1.0,830.298179011326,4.0,2.10034293035688e-178,arm
arm_us_critical,arm,L6,3,283961,48.453250169754,True,False,-526747.969250701,1053515.9385014,0.0013229865252755,0.0086054153458779,0.153738834454898,0.877815663303234,0.0013229865252755,-0.0144233934117105,0.008358398019454,-1.72561696369811,0.0844163454609465,-0.0144233934117105,1.0,564.011002374813,5.0,1.20399619844806e-119,arm
arm_us_feminine,arm,L0,63,274575,471.334624528885,False,,,,,,,,,,,,,,1.0,,,,arm
arm_us_feminine,arm,L1,41,274575,325.795293092728,True,False,-551493.295967452,1103082.5919349,0.184896651713527,0.0201290270386294,9.18557322014092,4.09341265732036e-20,0.184896651713527,-0.0606721726809517,0.0134010517008944,-4.52741874556772,5.97085481865861e-06,-0.0606721726809517,1.0,,,,arm
arm_us_feminine,arm,L2,33,274575,572.539208889008,False,,,,,,,,,,,,,,1.0,,,,arm
arm_us_feminine,arm,L3,23,274575,136.581717252731,False,,,,,,,,,,,,,,1.0,,,,arm
arm_us_feminine,arm,L4,12,274575,117.532421112061,True,False,-579216.468614923,1158470.93722985,-0.0343551200496961,0.0122127190024838,-2.81306071503889,0.0049072384572564,-0.0343551200496961,-0.0015653699623107,0.0116040131601643,-0.134899016461354,0.892691717193544,-0.0015653699623107,1.0,,,,arm
arm_us_feminine,arm,L5,8,274575,92.6148040294647,True,False,-579262.570467102,1158555.1409342,-0.0385410406858309,0.0120739139012629,-3.19209172775364,0.0014124646914488,-0.0385410406858309,-0.0002292396843738,0.0115892594146688,-0.0197803566363916,0.984218587951837,-0.0002292396843738,1.0,92.2037043576129,4.0,4.479793325762321e-19,arm
arm_us_feminine,arm,L6,3,274575,47.0714147090912,True,False,-580835.913744511,1161691.82748902,-0.06671541008736,0.0112910211897476,-5.90871356684182,3.44789606520235e-09,-0.06671541008736,-0.0269572920447798,0.0109513245073286,-2.46155540608263,0.0138336029114277,-0.0269572920447798,1.0,3146.68655481841,5.0,0.0,arm
arm_us_practical,arm,L0,63,284803,1222.43948769569,False,,,,,,,,,,,,,,1.0,,,,arm
arm_us_practical,arm,L1,41,284803,767.242444753647,False,,,,,,,,,,,,,,1.0,,,,arm
arm_us_practical,arm,L2,33,284803,511.621599435806,False,,,,,,,,,,,,,,1.0,,,,arm
arm_us_practical,arm,L3,23,284803,216.481494426727,False,,,,,,,,,,,,,,1.0,,,,arm
arm_us_practical,arm,L4,12,284803,87.539657831192,True,False,-502270.962621114,1004579.92524223,0.0249394182888467,0.0088793975643673,2.80868359683856,0.0049744509315444,0.0249394182888467,-0.0396781743827399,0.0081907710072321,-4.84425389840658,1.27088332983365e-06,-0.0396781743827399,1.0,,,,arm
arm_us_practical,arm,L5,8,284803,77.1667885780334,True,False,-502696.990660847,1005423.98132169,0.0220626879571354,0.0087237121223128,2.52904814462011,0.0114372337226888,0.0220626879571354,-0.0401433009180459,0.0081816678745836,-4.90649358216446,9.27190213275434e-07,-0.0401433009180459,1.0,852.056079464732,4.0,4.0628388907478605e-183,arm
arm_us_practical,arm,L6,3,284803,34.4850363731384,True,False,-503127.330243903,1006274.66048781,0.0214679010019521,0.0078955074610856,2.71900205373249,0.0065479201542551,0.0214679010019521,-0.0344931083131239,0.0076633482017079,-4.50104933316698,6.76188079037565e-06,-0.0344931083131239,1.0,860.679166112328,5.0,8.59978077502015e-184,arm
arm_us_strong,arm,L0,63,295181,515.324016094208,True,False,-513930.028593687,1028000.05718737,0.0794423872466662,0.0264884523576802,2.99913283622371,0.0027074923456713,0.0794423872466662,-0.0127792419342887,0.0244476781073541,-0.522718021653133,0.60117049516191,-0.0127792419342887,1.0,,,,arm
arm_us_strong,arm,L1,41,295181,369.537092447281,True,False,-514017.643353431,1028131.28670686,0.0656750826831689,0.0162978414022289,4.02967982460469,5.58528752852571e-05,0.0656750826831689,-0.0446106494214925,0.0116841883800393,-3.81803579080454,0.0001345184137585,-0.0446106494214925,1.0,175.229519488174,22.0,7.36776310831189e-26,arm
arm_us_strong,arm,L2,33,295181,359.242865085602,True,False,-514345.430535983,1028770.86107197,0.0212065255998613,0.0135741099629232,1.56227742797027,0.118222647101494,0.0212065255998613,-0.0121864508738457,0.011104585396314,-1.09742511214249,0.272455600809581,-0.0121864508738457,1.0,655.574365104083,8.0,2.6088003336201502e-136,arm
arm_us_strong,arm,L3,23,295181,266.325848340988,False,,,,,,,,,,,,,,1.0,,,,arm
arm_us_strong,arm,L4,12,295181,120.132183551788,True,False,-516448.733935523,1032935.46787105,0.0511165349303052,0.0086980957816445,5.87675006271781,4.1839918524883705e-09,0.0511165349303052,0.0167061725642636,0.0080705552624968,2.07001526176219,0.0384509152857601,0.0167061725642636,1.0,,,,arm
arm_us_strong,arm,L5,8,295181,107.125705957413,True,False,-517166.171341453,1034362.34268291,0.0623063823467858,0.0085146912720197,7.3175151460314,2.52604633875352e-13,0.0623063823467858,0.0169271274456805,0.0080734697833314,2.09663600656912,0.0360258093364443,0.0169271274456805,1.0,1434.87481186003,4.0,1.89357464476336e-309,arm
arm_us_strong,arm,L6,3,295181,50.288037776947,True,False,-518289.049578773,1036598.09915755,0.0506423170933609,0.007699167821847,6.57763517631852,4.7798925128709496e-11,0.0506423170933609,0.0115230104119451,0.0074637893009657,1.54385526537495,0.122623399402228,0.0115230104119451,1.0,2245.75647463975,5.0,0.0,arm
arm_us_traitspace,arm,L0,63,310288,543.534595251083,True,False,-627807.55504537,1255755.11009074,0.0569052619196396,0.0445346449627383,1.27777513365721,0.201328724554768,0.0569052619196396,0.0123279109548651,0.0380228310948044,0.3242239096854,0.745768521650244,0.0123279109548651,1.0,,,,arm
arm_us_traitspace,arm,L1,41,310288,387.210443019867,True,False,-627945.12763984,1255986.25527968,0.11093401835405,0.0206320327387679,5.37678568847961,7.58273403704602e-08,0.11093401835405,-0.0483110732344503,0.014575655736089,-3.314504274057,0.0009180577636262,-0.0483110732344503,1.0,275.145188940922,22.0,1.29136724808778e-45,arm
arm_us_traitspace,arm,L2,33,310288,303.394208908081,True,False,-628154.524676606,1256389.04935321,0.0463096449800659,0.0169580808632001,2.73083053168829,0.0063174947944223,0.0463096449800659,-0.0112749388873934,0.0137003015533452,-0.822970125401397,0.410524982407724,-0.0112749388873934,1.0,418.794073531171,8.0,1.78245895014118e-85,arm
arm_us_traitspace,arm,L3,23,310288,139.500207424164,True,False,-638325.685499781,1276711.37099956,0.0097534072685807,0.0170759758303285,0.571177153533905,0.567879563304756,0.0097534072685807,-0.0494057480091829,0.012993211545272,-3.80242773982701,0.0001432850655194,-0.0494057480091829,1.0,20342.3216463514,10.0,0.0,arm
arm_us_traitspace,arm,L4,12,310288,112.647688150406,True,False,-638425.397784977,1276888.79556995,0.0061719578183807,0.0114407861382282,0.539469730821887,0.589562777492901,0.0061719578183807,-0.0487010621820925,0.0105715311770112,-4.60681252002526,4.08888344465992e-06,-0.0487010621820925,1.0,199.424570390722,11.0,9.79178224546868e-37,arm
arm_us_traitspace,arm,L5,8,310288,112.120331525803,True,False,-639044.401595491,1278118.80319098,0.0113601662598856,0.0112442836806724,1.0103059103189,0.312348750378702,0.0113601662598856,-0.0512235481106826,0.0105864630909866,-4.83858940143048,1.30763874272928e-06,-0.0512235481106826,1.0,1238.00762102939,4.0,9.171812652167659e-267,arm
arm_us_traitspace,arm,L6,3,310288,47.5398290157318,True,False,-640554.907103704,1281129.81420741,-0.003530414230219,0.0101406684931078,-0.348144131978927,0.727731942413965,-0.003530414230219,-0.0570082462918286,0.0098271998237193,-5.80106717217969,6.5894194945809405e-09,-0.0570082462918286,1.0,3021.01101642451,5.0,0.0,arm
arm_us_warm,arm,L0,63,293980,1107.93875145912,False,,,,,,,,,,,,,,1.0,,,,arm
arm_us_warm,arm,L1,41,293980,299.604111671448,True,False,-515038.452884364,1030172.90576873,0.0003807205200636,0.0158931782364591,0.0239549644759082,0.980888531529444,0.0003807205200636,-0.0038309611578091,0.0109475768250457,-0.349936905584876,0.726386049312002,-0.0038309611578091,1.0,,,,arm
arm_us_warm,arm,L2,33,293980,409.169846773148,False,,,,,,,,,,,,,,1.0,,,,arm
arm_us_warm,arm,L3,23,293980,162.125415802002,False,,,,,,,,,,,,,,1.0,,,,arm
arm_us_warm,arm,L4,12,293980,72.2349021434784,True,False,-516123.636929754,1032285.27385951,-0.008698074487932,0.0086162642896422,-1.00949485711437,0.312737366845592,-0.008698074487932,-0.0209842354831785,0.0079440085471169,-2.6415172338648,0.0082535607994887,-0.0209842354831785,1.0,,,,arm
arm_us_warm,arm,L5,8,293980,60.8887534141541,True,False,-516938.859087369,1033907.71817474,-0.015149654071725,0.0084792118584486,-1.7866818667386,0.0739889215063727,-0.015149654071725,-0.0224888512229091,0.0079536020834684,-2.82750519662686,0.0046912254016826,-0.0224888512229091,1.0,1630.44431522966,4.0,0.0,arm
arm_us_warm,arm,L6,3,293980,32.3877744674683,True,False,-517601.706064317,1035223.41212863,-0.0134538678735772,0.0076901578867129,-1.74949176229826,0.0802060515082311,-0.0134538678735772,-0.0202183015387686,0.0074546542208244,-2.71217160982317,0.0066843976947937,-0.0202183015387686,1.0,1325.69395389582,5.0,1.73253376695897e-284,arm
arm_us_youthful,arm,L0,63,291292,993.669606924057,False,,,,,,,,,,,,,,1.0,,,,arm
arm_us_youthful,arm,L1,41,291292,501.92734837532,False,,,,,,,,,,,,,,1.0,,,,arm
arm_us_youthful,arm,L2,33,291292,368.75431728363,False,,,,,,,,,,,,,,1.0,,,,arm
arm_us_youthful,arm,L3,23,291292,150.590328216553,False,,,,,,,,,,,,,,1.0,,,,arm
arm_us_youthful,arm,L4,12,291292,65.5358784198761,True,False,-523191.504323199,1046421.0086464,-0.0136586144056768,0.008947463874189,-1.52653473629306,0.126876746443509,-0.0136586144056768,-0.0494586157467459,0.0083226101655511,-5.94268081322188,2.8039809148498e-09,-0.0494586157467459,1.0,,,,arm
arm_us_youthful,arm,L5,8,291292,59.6662871837616,True,False,-523519.528300073,1047069.05660015,-0.0154931393880117,0.0087614746641405,-1.7683255367299,0.0770064971304577,-0.0154931393880117,-0.0500102311457786,0.0083079760473891,-6.01954445469238,1.7490861705165e-09,-0.0500102311457786,1.0,656.047953748028,4.0,1.14346916801729e-140,arm
arm_us_youthful,arm,L6,3,291292,30.8908779621124,True,False,-523929.718152986,1047879.43630597,-0.007193699027293,0.0079743706918911,-0.902102410991255,0.367002468260004,-0.007193699027293,-0.0443343103388014,0.0077457361569069,-5.72370520254143,1.04225541589266e-08,-0.0443343103388014,1.0,820.37970582745,5.0,4.51064546317735e-175,arm
