dataset,trait,mean_rho,std_rho,t,p,n
us,warm,-0.0011994737611565765,0.037346027488155874,-0.2271074294684053,0.8212850893512628,50
us,critical,0.002063800215324059,0.023498190595962535,0.6210380843198374,0.5374529503105899,50
us,competent,-0.00807423089316117,0.04218676940987116,-1.3533492839781813,0.1821547678785447,50
us,practical,-0.004491033361111775,0.03562717768421272,-0.8913532731458416,0.37709583460656304,50
us,feminine,0.008432943579673906,0.05985058163745916,0.9963130561823769,0.3239928740982698,50
us,strong,0.0013103454040560986,0.041578673981454733,0.22284359556968153,0.8245835794884494,50
us,youthful,0.003911350778812361,0.03666799781399664,0.7542660696466458,0.45429917323461955,50
us,charismatic,-0.013554390884281614,0.042891976345598194,-2.2345442028371947,0.030040636793109823,50
us,trait_space,0.0025965946929073,0.04929093258584999,0.37249644488869654,0.7111296077330225,50
